BestellungID;PosID;ProduktID;SpezLieferAdrID;Menge;Preis
801;1579;105;;7;5,0
801;1580;90;;8;1,0
801;1581;4;;1;5,0
802;1582;76;;5;4,0
802;1583;125;;8;7,0
803;1584;107;;0;8,0
803;1585;12;;3;4,0
803;1586;4;;4;5,0
804;1587;61;;8;8,0
805;1588;38;;7;0,5
805;1589;52;;5;4,0
805;1590;11;;2;8,0
806;1591;126;;1;4,0
806;1592;99;;1;3,8
807;1593;31;;9;2,0
807;1594;119;;10;2,0
807;1595;125;;3;7,0
808;1596;45;;2;2,0
808;1597;61;;7;8,0
808;1598;90;;4;1,0
809;1599;93;;6;2,3
810;1600;117;;5;3,5
810;1601;9;;0;3,0
810;1602;18;;5;6,0
811;1603;29;;9;1,5
811;1604;41;;4;1,2
811;1605;41;;6;1,2
812;1606;2;;3;4,0
812;1607;32;;6;5,0
812;1608;126;;3;4,0
813;1609;87;;1;0,5
814;1610;41;;1;1,2
814;1611;117;;2;3,5
814;1612;25;;6;7,0
815;1613;18;;8;6,0
815;1614;4;;1;5,0
815;1615;87;;5;0,5
816;1616;62;;5;4,0
816;1617;83;;2;0,8
817;1618;111;;5;8,0
818;1619;110;;0;0,5
818;1620;25;;8;7,0
819;1621;30;;4;4,0
819;1622;52;;10;4,0
820;1623;60;;7;0,5
821;1624;8;;8;8,0
821;1625;61;;4;8,0
821;1626;64;;1;4,5
822;1627;69;;3;2,0
822;1628;118;;1;6,0
822;1629;73;;5;3,0
823;1630;98;;5;4,5
823;1631;58;;6;8,0
823;1632;13;;8;4,5
824;1633;120;;10;8,0
825;1634;1;;7;2,0
825;1635;64;;5;4,5
825;1636;34;;6;0,75
826;1637;26;;2;4,0
827;1638;26;;6;4,0
827;1639;123;;1;3,0
828;1640;95;;7;2,0
828;1641;29;;5;1,5
828;1642;84;;10;0,75
829;1643;22;;4;2,0
829;1644;4;;1;5,0
829;1645;65;;6;4,5
830;1646;1;;1;2,0
831;1647;82;;1;5,0
832;1648;67;;0;3,5
833;1649;15;;3;4,5
833;1650;124;;0;3,0
834;1651;60;;0;0,5
835;1652;40;;6;1,0
836;1653;124;;3;3,0
836;1654;92;;5;2,4
836;1655;119;;4;2,0
837;1656;1;;6;2,0
837;1657;40;;8;1,0
837;1658;32;;7;5,0
838;1659;44;;7;4,0
838;1660;82;;5;5,0
839;1661;37;;10;0,5
839;1662;28;;7;2,0
839;1663;18;;3;6,0
840;1664;97;;6;9,0
841;1665;34;;0;0,75
841;1666;13;;8;4,5
842;1667;110;;9;0,5
842;1668;50;;1;5,6
842;1669;83;;6;0,8
843;1670;42;;7;2,4
843;1671;63;;8;4,5
843;1672;27;;2;2,0
844;1673;28;;10;2,0
844;1674;124;;3;3,0
845;1675;61;;6;8,0
845;1676;18;;6;6,0
846;1677;62;;9;4,0
847;1678;78;;2;2,0
847;1679;2;;6;4,0
847;1680;88;;2;0,5
848;1681;79;;5;1,5
848;1682;120;;9;8,0
849;1683;39;;10;0,8
849;1684;63;;3;4,5
849;1685;96;;8;8,0
850;1686;53;;3;5,0
851;1687;11;;0;8,0
852;1688;123;;10;3,0
853;1689;44;;10;4,0
853;1690;87;;9;0,5
854;1691;45;;2;2,0
854;1692;92;;0;2,4
854;1693;9;;0;3,0
855;1694;95;;7;2,0
855;1695;83;;2;0,8
855;1696;64;;10;4,5
856;1697;96;;7;8,0
856;1698;72;;8;2,0
856;1699;116;;1;3,0
857;1700;53;;5;5,0
857;1701;124;;3;3,0
858;1702;13;;0;4,5
858;1703;73;;1;3,0
859;1704;118;;2;6,0
859;1705;68;;4;6,0
859;1706;80;;1;4,0
860;1707;126;;9;4,0
861;1708;116;;9;3,0
861;1709;69;;9;2,0
861;1710;113;;8;4,5
862;1711;16;;10;3,0
862;1712;92;;0;2,4
862;1713;33;;4;0,8
863;1714;54;;0;5,0
863;1715;28;;3;2,0
864;1716;124;;2;3,0
864;1717;82;;5;5,0
865;1718;49;;10;3,8
865;1719;53;;10;5,0
866;1720;84;;3;0,75
866;1721;39;;3;0,8
866;1722;68;;4;6,0
867;1723;54;;5;5,0
867;1724;115;;1;4,5
868;1725;96;;5;8,0
868;1726;91;;2;1,2
868;1727;58;;1;8,0
869;1728;41;;2;1,2
869;1729;1;;8;2,0
869;1730;63;;4;4,5
870;1731;96;;6;8,0
871;1732;32;;5;5,0
871;1733;86;;6;0,5
871;1734;109;;8;3,0
872;1735;84;;0;0,75
873;1736;125;;2;7,0
873;1737;53;;2;5,0
873;1738;16;;9;3,0
874;1739;36;;3;0,5
874;1740;95;;1;2,0
874;1741;7;;3;8,0
875;1742;24;;3;3,0
875;1743;44;;9;4,0
875;1744;94;;2;4,0
876;1745;51;;4;2,0
876;1746;103;;10;5,0
876;1747;104;;9;5,0
877;1748;123;;5;3,0
877;1749;56;;6;7,0
878;1750;112;;0;4,0
878;1751;64;;7;4,5
879;1752;90;;5;1,0
879;1753;77;;0;2,0
880;1754;101;;3;2,0
880;1755;83;;8;0,8
880;1756;83;;4;0,8
881;1757;117;;6;3,5
882;1758;80;;8;4,0
883;1759;34;;4;0,75
883;1760;98;;4;4,5
883;1761;22;;7;2,0
884;1762;3;;10;5,0
884;1763;9;;7;3,0
885;1764;89;;0;0,8
886;1765;110;;10;0,5
886;1766;79;;6;1,5
886;1767;25;;2;7,0
887;1768;67;;3;3,5
887;1769;58;;0;8,0
887;1770;114;;1;4,5
888;1771;29;;4;1,5
888;1772;50;;6;5,6
888;1773;45;;3;2,0
889;1774;72;;4;2,0
889;1775;83;;10;0,8
889;1776;78;;7;2,0
890;1777;50;;4;5,6
891;1778;4;;10;5,0
891;1779;11;;2;8,0
891;1780;102;;0;4,0
892;1781;37;;7;0,5
892;1782;69;;8;2,0
893;1783;42;;9;2,4
893;1784;73;;7;3,0
894;1785;38;;10;0,5
895;1786;44;;4;4,0
895;1787;107;;10;8,0
895;1788;76;;2;4,0
896;1789;99;;0;3,8
896;1790;19;;9;2,0
896;1791;67;;5;3,5
897;1792;46;;0;8,0
898;1793;14;;8;4,5
899;1794;71;;5;4,0
899;1795;24;;9;3,0
899;1796;79;;6;1,5
900;1797;34;;4;0,75
900;1798;100;;7;5,6
901;1799;83;;9;0,8
901;1800;72;;1;2,0
901;1801;101;;2;2,0
902;1802;119;;6;2,0
902;1803;41;;4;1,2
902;1804;86;;8;0,5
903;1805;96;;2;8,0
903;1806;114;;0;4,5
903;1807;41;;3;1,2
904;1808;94;;3;4,0
905;1809;37;;1;0,5
905;1810;55;;6;5,0
905;1811;52;;9;4,0
906;1812;40;;2;1,0
907;1813;117;;5;3,5
907;1814;47;;5;9,0
908;1815;97;;6;9,0
909;1816;67;;10;3,5
909;1817;73;;5;3,0
910;1818;103;;10;5,0
910;1819;80;;10;4,0
910;1820;82;;1;5,0
911;1821;91;;10;1,2
912;1822;81;;3;2,0
913;1823;16;;6;3,0
913;1824;109;;9;3,0
913;1825;116;;8;3,0
914;1826;120;;4;8,0
914;1827;83;;0;0,8
915;1828;99;;10;3,8
916;1829;22;;10;2,0
917;1830;22;;2;2,0
918;1831;54;;6;5,0
918;1832;48;;7;4,5
918;1833;90;;9;1,0
919;1834;1;;8;2,0
919;1835;120;;8;8,0
919;1836;2;;4;4,0
920;1837;51;;0;2,0
920;1838;44;;10;4,0
920;1839;50;;7;5,6
921;1840;21;;3;4,0
921;1841;53;;0;5,0
921;1842;117;;3;3,5
922;1843;55;;3;5,0
923;1844;109;;4;3,0
923;1845;42;;6;2,4
924;1846;32;;8;5,0
924;1847;47;;0;9,0
924;1848;34;;7;0,75
925;1849;43;;10;2,3
926;1850;86;;9;0,5
927;1851;82;;7;5,0
927;1852;8;;4;8,0
928;1853;99;;3;3,8
929;1854;33;;4;0,8
929;1855;17;;7;3,5
930;1856;85;;5;1,0
930;1857;6;;4;7,0
930;1858;115;;1;4,5
931;1859;102;;8;4,0
931;1860;63;;4;4,5
931;1861;17;;7;3,5
932;1862;52;;3;4,0
933;1863;84;;8;0,75
933;1864;108;;3;8,0
933;1865;1;;4;2,0
934;1866;100;;6;5,6
934;1867;29;;5;1,5
934;1868;9;;3;3,0
935;1869;57;;3;8,0
935;1870;64;;4;4,5
936;1871;38;;10;0,5
936;1872;30;;10;4,0
936;1873;48;;0;4,5
937;1874;65;;6;4,5
937;1875;48;;10;4,5
938;1876;45;;10;2,0
938;1877;42;;5;2,4
939;1878;28;;3;2,0
939;1879;8;;10;8,0
939;1880;84;;8;0,75
940;1881;78;;9;2,0
940;1882;22;;9;2,0
940;1883;70;;5;8,0
941;1884;23;;6;3,0
941;1885;11;;3;8,0
941;1886;94;;4;4,0
942;1887;9;;4;3,0
943;1888;80;;0;4,0
943;1889;36;;7;0,5
943;1890;73;;8;3,0
944;1891;27;;0;2,0
944;1892;15;;5;4,5
944;1893;106;;10;7,0
945;1894;107;;10;8,0
945;1895;115;;8;4,5
946;1896;113;;4;4,5
946;1897;124;;1;3,0
946;1898;29;;8;1,5
947;1899;86;;9;0,5
947;1900;70;;6;8,0
947;1901;52;;7;4,0
948;1902;79;;4;1,5
949;1903;68;;2;6,0
950;1904;125;;8;7,0
950;1905;110;;10;0,5
950;1906;21;;10;4,0
951;1907;71;;7;4,0
952;1908;35;;2;1,0
952;1909;28;;0;2,0
953;1910;2;;1;4,0
953;1911;46;;6;8,0
953;1912;106;;7;7,0
954;1913;19;;5;2,0
955;1914;81;;4;2,0
956;1915;13;;10;4,5
956;1916;59;;0;3,0
956;1917;57;;7;8,0
957;1918;63;;0;4,5
957;1919;10;;8;0,5
957;1920;56;;10;7,0
958;1921;80;;9;4,0
958;1922;39;;2;0,8
959;1923;93;;10;2,3
960;1924;46;;7;8,0
960;1925;107;;4;8,0
960;1926;27;;7;2,0
961;1927;13;;4;4,5
961;1928;34;;2;0,75
962;1929;104;;6;5,0
963;1930;21;;4;4,0
963;1931;89;;6;0,8
963;1932;71;;3;4,0
964;1933;108;;3;8,0
965;1934;8;;6;8,0
966;1935;123;;8;3,0
966;1936;106;;1;7,0
967;1937;16;;10;3,0
967;1938;8;;8;8,0
967;1939;31;;1;2,0
968;1940;75;;0;7,0
969;1941;87;;10;0,5
969;1942;115;;5;4,5
969;1943;38;;2;0,5
970;1944;13;;4;4,5
971;1945;112;;0;4,0
971;1946;52;;7;4,0
972;1947;73;;10;3,0
973;1948;7;;1;8,0
973;1949;110;;1;0,5
974;1950;70;;9;8,0
974;1951;119;;10;2,0
974;1952;100;;2;5,6
975;1953;62;;7;4,0
975;1954;95;;8;2,0
975;1955;77;;7;2,0
976;1956;107;;9;8,0
976;1957;20;;4;8,0
977;1958;23;;9;3,0
978;1959;70;;0;8,0
979;1960;108;;7;8,0
980;1961;11;;2;8,0
980;1962;8;;2;8,0
980;1963;121;;0;4,0
981;1964;118;;8;6,0
981;1965;56;;9;7,0
982;1966;71;;0;4,0
982;1967;89;;6;0,8
982;1968;119;;4;2,0
983;1969;55;;5;5,0
984;1970;48;;5;4,5
985;1971;93;;9;2,3
985;1972;63;;9;4,5
985;1973;85;;2;1,0
986;1974;118;;8;6,0
987;1975;78;;3;2,0
988;1976;47;;3;9,0
988;1977;73;;7;3,0
988;1978;123;;8;3,0
989;1979;88;;3;0,5
989;1980;10;;1;0,5
990;1981;113;;5;4,5
990;1982;125;;0;7,0
991;1983;71;;10;4,0
991;1984;82;;9;5,0
991;1985;110;;3;0,5
992;1986;20;;2;8,0
992;1987;108;;0;8,0
993;1988;52;;2;4,0
993;1989;35;;7;1,0
994;1990;21;;4;4,0
994;1991;94;;0;4,0
994;1992;3;;2;5,0
995;1993;20;;0;8,0
995;1994;83;;1;0,8
995;1995;125;;7;7,0
996;1996;9;;10;3,0
997;1997;124;;8;3,0
997;1998;115;;6;4,5
998;1999;53;;9;5,0
998;2000;109;;3;3,0
999;2001;20;;6;8,0
1000;2002;98;;3;4,5
1000;2003;104;;7;5,0
1001;2004;51;;2;2,0
1002;2005;110;;7;0,5
1002;2006;64;;7;4,5
1003;2007;21;;6;4,0
1003;2008;119;;5;2,0
1004;2009;108;;0;8,0
1004;2010;36;;3;0,5
1004;2011;115;;10;4,5
1005;2012;50;;1;5,6
1006;2013;9;;5;3,0
1007;2014;75;;4;7,0
1007;2015;53;;0;5,0
1007;2016;17;;5;3,5
1008;2017;1;;10;2,0
1008;2018;4;;4;5,0
1008;2019;44;;1;4,0
1009;2020;71;;10;4,0
1009;2021;105;;6;5,0
1009;2022;42;;0;2,4
1010;2023;98;;10;4,5
1010;2024;76;;6;4,0
1011;2025;103;;9;5,0
1011;2026;86;;8;0,5
1011;2027;104;;6;5,0
1012;2028;75;;2;7,0
1012;2029;57;;7;8,0
1013;2030;71;;5;4,0
1013;2031;43;;0;2,3
1013;2032;36;;6;0,5
1014;2033;83;;0;0,8
1015;2034;37;;8;0,5
1015;2035;109;;7;3,0
1016;2036;89;;5;0,8
1017;2037;124;;10;3,0
1017;2038;77;;9;2,0
1017;2039;79;;8;1,5
1018;2040;85;;8;1,0
1018;2041;90;;10;1,0
1018;2042;38;;0;0,5
1019;2043;86;;2;0,5
1019;2044;85;;10;1,0
1020;2045;1;;3;2,0
1020;2046;3;;6;5,0
1021;2047;11;;4;8,0
1022;2048;117;;6;3,5
1022;2049;35;;9;1,0
1022;2050;55;;4;5,0
1023;2051;13;;2;4,5
1023;2052;46;;7;8,0
1024;2053;107;;7;8,0
1024;2054;40;;6;1,0
1024;2055;86;;6;0,5
1025;2056;66;;4;3,0
1025;2057;102;;3;4,0
1026;2058;125;;2;7,0
1026;2059;27;;2;2,0
1027;2060;97;;6;9,0
1027;2061;12;;6;4,0
1027;2062;79;;5;1,5
1028;2063;76;;5;4,0
1028;2064;103;;2;5,0
1028;2065;123;;8;3,0
1029;2066;46;;6;8,0
1029;2067;118;;3;6,0
1030;2068;100;;4;5,6
1031;2069;17;;1;3,5
1032;2070;6;;8;7,0
1032;2071;46;;5;8,0
1033;2072;25;;7;7,0
1033;2073;13;;4;4,5
1033;2074;81;;9;2,0
1034;2075;92;;5;2,4
1034;2076;115;;2;4,5
1035;2077;81;;0;2,0
1035;2078;62;;0;4,0
1036;2079;89;;0;0,8
1037;2080;11;;8;8,0
1037;2081;35;;8;1,0
1038;2082;14;;2;4,5
1038;2083;11;;9;8,0
1038;2084;28;;9;2,0
1039;2085;44;;2;4,0
1039;2086;9;;4;3,0
1040;2087;107;;4;8,0
1040;2088;13;;0;4,5
1040;2089;4;;10;5,0
1041;2090;63;;1;4,5
1041;2091;105;;1;5,0
1041;2092;80;;5;4,0
1042;2093;8;;9;8,0
1042;2094;36;;9;0,5
1043;2095;83;;2;0,8
1043;2096;90;;9;1,0
1043;2097;5;;9;5,0
1044;2098;19;;1;2,0
1045;2099;11;;8;8,0
1046;2100;42;;2;2,4
1046;2101;81;;10;2,0
1046;2102;66;;7;3,0
1047;2103;41;;7;1,2
1048;2104;63;;4;4,5
1049;2105;74;;2;3,0
1050;2106;92;;4;2,4
1051;2107;6;;6;7,0
1051;2108;36;;8;0,5
1052;2109;23;;2;3,0
1052;2110;110;;9;0,5
1052;2111;112;;9;4,0
1053;2112;94;;7;4,0
1053;2113;101;;4;2,0
1054;2114;18;;0;6,0
1054;2115;115;;2;4,5
1055;2116;93;;5;2,3
1056;2117;107;;8;8,0
1056;2118;65;;2;4,5
1057;2119;102;;5;4,0
1057;2120;43;;9;2,3
1057;2121;116;;1;3,0
1058;2122;107;;9;8,0
1058;2123;1;;5;2,0
1058;2124;98;;6;4,5
1059;2125;22;;8;2,0
1059;2126;118;;9;6,0
1060;2127;7;;0;8,0
1060;2128;11;;2;8,0
1060;2129;78;;5;2,0
1061;2130;61;;6;8,0
1062;2131;63;;3;4,5
1063;2132;79;;5;1,5
1064;2133;48;;4;4,5
1064;2134;33;;0;0,8
1064;2135;82;;1;5,0
1065;2136;122;;6;2,0
1065;2137;116;;10;3,0
1065;2138;91;;1;1,2
1066;2139;31;;8;2,0
1067;2140;28;;1;2,0
1067;2141;30;;7;4,0
1067;2142;80;;7;4,0
1068;2143;53;;10;5,0
1068;2144;104;;4;5,0
1069;2145;105;;8;5,0
1069;2146;4;;7;5,0
1070;2147;81;;3;2,0
1070;2148;45;;7;2,0
1070;2149;120;;1;8,0
1071;2150;88;;3;0,5
1071;2151;24;;5;3,0
1071;2152;102;;2;4,0
1072;2153;117;;8;3,5
1072;2154;91;;2;1,2
1072;2155;40;;2;1,0
1073;2156;14;;5;4,5
1073;2157;99;;1;3,8
1073;2158;99;;5;3,8
1074;2159;92;;0;2,4
1074;2160;53;;7;5,0
1074;2161;80;;7;4,0
1075;2162;56;;8;7,0
1075;2163;59;;2;3,0
1075;2164;126;;4;4,0
1076;2165;116;;10;3,0
1076;2166;67;;4;3,5
1077;2167;29;;3;1,5
1077;2168;87;;9;0,5
1078;2169;26;;0;4,0
1079;2170;59;;7;3,0
1079;2171;1;;4;2,0
1080;2172;117;;3;3,5
1080;2173;33;;5;0,8
1080;2174;71;;10;4,0
1081;2175;122;;1;2,0
1081;2176;96;;2;8,0
1081;2177;21;;4;4,0
1082;2178;19;;4;2,0
1082;2179;34;;5;0,75
1082;2180;33;;4;0,8
1083;2181;12;;8;4,0
1083;2182;28;;2;2,0
1083;2183;42;;4;2,4
1084;2184;26;;8;4,0
1085;2185;68;;5;6,0
1085;2186;48;;10;4,5
1085;2187;96;;6;8,0
1086;2188;126;;10;4,0
1086;2189;90;;9;1,0
1087;2190;9;;0;3,0
1087;2191;40;;10;1,0
1088;2192;23;;7;3,0
1089;2193;97;;4;9,0
1089;2194;46;;7;8,0
1089;2195;9;;5;3,0
1090;2196;124;;5;3,0
1090;2197;53;;7;5,0
1091;2198;26;;0;4,0
1091;2199;108;;3;8,0
1092;2200;89;;2;0,8
1092;2201;80;;1;4,0
1093;2202;102;;5;4,0
1093;2203;35;;0;1,0
1093;2204;40;;1;1,0
1094;2205;9;;7;3,0
1094;2206;104;;6;5,0
1094;2207;30;;5;4,0
1095;2208;52;;10;4,0
1096;2209;43;;5;2,3
1096;2210;85;;5;1,0
1097;2211;6;;8;7,0
1097;2212;76;;8;4,0
1097;2213;72;;1;2,0
1098;2214;70;;1;8,0
1099;2215;52;;8;4,0
1099;2216;26;;4;4,0
1100;2217;116;;9;3,0
1100;2218;7;;2;8,0
1100;2219;78;;5;2,0
1101;2220;93;;6;2,3
1101;2221;47;;2;9,0
1101;2222;113;;2;4,5
1102;2223;64;;3;4,5
1103;2224;27;;9;2,0
1103;2225;97;;7;9,0
1104;2226;107;;5;8,0
1105;2227;108;;9;8,0
1105;2228;1;;10;2,0
1105;2229;39;;7;0,8
1106;2230;31;;10;2,0
1106;2231;78;;2;2,0
1106;2232;84;;2;0,75
1107;2233;64;;9;4,5
1107;2234;9;;9;3,0
1108;2235;96;;9;8,0
1108;2236;24;;2;3,0
1108;2237;51;;9;2,0
1109;2238;18;;0;6,0
1109;2239;87;;8;0,5
1110;2240;73;;3;3,0
1111;2241;92;;4;2,4
1111;2242;75;;2;7,0
1111;2243;82;;3;5,0
1112;2244;7;;9;8,0
1113;2245;49;;9;3,8
1113;2246;60;;4;0,5
1114;2247;78;;2;2,0
1114;2248;88;;5;0,5
1115;2249;53;;4;5,0
1115;2250;126;;2;4,0
1115;2251;87;;8;0,5
1116;2252;123;;4;3,0
1116;2253;63;;9;4,5
1116;2254;89;;0;0,8
1117;2255;22;;7;2,0
1117;2256;85;;10;1,0
1117;2257;39;;7;0,8
1118;2258;47;;2;9,0
1118;2259;118;;4;6,0
1119;2260;70;;4;8,0
1119;2261;40;;7;1,0
1119;2262;29;;4;1,5
1120;2263;103;;10;5,0
1121;2264;123;;0;3,0
1121;2265;81;;1;2,0
1122;2266;80;;7;4,0
1122;2267;108;;9;8,0
1123;2268;80;;9;4,0
1124;2269;118;;9;6,0
1125;2270;74;;9;3,0
1125;2271;124;;5;3,0
1126;2272;68;;2;6,0
1126;2273;45;;3;2,0
1126;2274;72;;10;2,0
1127;2275;21;;1;4,0
1127;2276;56;;10;7,0
1127;2277;28;;7;2,0
1128;2278;122;;1;2,0
1128;2279;28;;8;2,0
1128;2280;5;;10;5,0
1129;2281;104;;6;5,0
1129;2282;19;;5;2,0
1129;2283;59;;7;3,0
1130;2284;83;;5;0,8
1130;2285;51;;10;2,0
1131;2286;81;;3;2,0
1132;2287;81;;3;2,0
1132;2288;125;;5;7,0
1133;2289;67;;4;3,5
1133;2290;26;;7;4,0
1133;2291;34;;2;0,75
1134;2292;84;;8;0,75
1135;2293;114;;9;4,5
1136;2294;38;;1;0,5
1136;2295;110;;8;0,5
1136;2296;48;;6;4,5
1137;2297;24;;5;3,0
1137;2298;125;;0;7,0
1137;2299;16;;1;3,0
1138;2300;118;;7;6,0
1138;2301;106;;7;7,0
1138;2302;74;;8;3,0
1139;2303;94;;5;4,0
1139;2304;121;;2;4,0
1140;2305;25;;5;7,0
1140;2306;82;;10;5,0
1140;2307;50;;3;5,6
1141;2308;59;;5;3,0
1142;2309;105;;9;5,0
1142;2310;14;;9;4,5
1142;2311;63;;5;4,5
1143;2312;7;;6;8,0
1144;2313;84;;1;0,75
1144;2314;84;;9;0,75
1145;2315;109;;2;3,0
1145;2316;57;;3;8,0
1145;2317;111;;9;8,0
1146;2318;23;;1;3,0
1146;2319;53;;7;5,0
1146;2320;119;;7;2,0
1147;2321;38;;6;0,5
1147;2322;10;;9;0,5
1147;2323;12;;2;4,0
1148;2324;110;;8;0,5
1149;2325;68;;10;6,0
1149;2326;73;;5;3,0
1149;2327;5;;2;5,0
1150;2328;80;;9;4,0
1151;2329;104;;7;5,0
1151;2330;87;;4;0,5
1151;2331;63;;1;4,5
1152;2332;32;;9;5,0
1152;2333;107;;3;8,0
1153;2334;122;;8;2,0
1154;2335;65;;5;4,5
1154;2336;106;;10;7,0
1154;2337;25;;8;7,0
1155;2338;97;;0;9,0
1155;2339;13;;4;4,5
1155;2340;107;;7;8,0
1156;2341;34;;4;0,75
1157;2342;108;;1;8,0
1158;2343;108;;8;8,0
1158;2344;123;;4;3,0
1159;2345;60;;7;0,5
1160;2346;79;;6;1,5
1160;2347;24;;3;3,0
1160;2348;88;;0;0,5
1161;2349;83;;7;0,8
1161;2350;96;;1;8,0
1161;2351;67;;8;3,5
1162;2352;99;;3;3,8
1162;2353;75;;4;7,0
1163;2354;33;;6;0,8
1163;2355;115;;8;4,5
1164;2356;18;;0;6,0
1165;2357;23;;6;3,0
1166;2358;55;;9;5,0
1166;2359;50;;7;5,6
1167;2360;81;;8;2,0
1167;2361;10;;10;0,5
1167;2362;37;;6;0,5
1168;2363;115;;2;4,5
1168;2364;73;;9;3,0
1169;2365;116;;1;3,0
1170;2366;67;;10;3,5
1170;2367;25;;3;7,0
1170;2368;54;;3;5,0
1171;2369;98;;2;4,5
1171;2370;104;;8;5,0
1171;2371;81;;9;2,0
1172;2372;99;;9;3,8
1173;2373;75;;8;7,0
1174;2374;66;;2;3,0
1174;2375;61;;9;8,0
1174;2376;95;;7;2,0
1175;2377;7;;8;8,0
1175;2378;71;;8;4,0
1176;2379;77;;8;2,0
1177;2380;76;;9;4,0
1178;2381;71;;1;4,0
1178;2382;21;;9;4,0
1179;2383;18;;9;6,0
1179;2384;87;;3;0,5
1179;2385;98;;5;4,5
1180;2386;69;;6;2,0
1181;2387;22;;9;2,0
1181;2388;71;;5;4,0
1182;2389;65;;6;4,5
1183;2390;17;;2;3,5
1183;2391;24;;10;3,0
1184;2392;37;;1;0,5
1184;2393;3;;2;5,0
1184;2394;22;;2;2,0
1185;2395;75;;3;7,0
1185;2396;18;;5;6,0
1185;2397;9;;7;3,0
1186;2398;122;;8;2,0
1186;2399;104;;5;5,0
1186;2400;82;;9;5,0
1187;2401;72;;4;2,0
1187;2402;19;;3;2,0
1187;2403;26;;5;4,0
1188;2404;75;;1;7,0
1188;2405;56;;7;7,0
1188;2406;105;;1;5,0
1189;2407;120;;10;8,0
1189;2408;58;;2;8,0
1189;2409;13;;10;4,5
1190;2410;89;;1;0,8
1190;2411;55;;8;5,0
1191;2412;115;;4;4,5
1191;2413;84;;3;0,75
1192;2414;26;;5;4,0
1193;2415;72;;2;2,0
1193;2416;79;;10;1,5
1194;2417;12;;1;4,0
1194;2418;49;;1;3,8
1195;2419;103;;8;5,0
1196;2420;99;;7;3,8
1197;2421;50;;3;5,6
1197;2422;112;;6;4,0
1198;2423;17;;4;3,5
1198;2424;115;;2;4,5
1199;2425;65;;5;4,5
1200;2426;106;;5;7,0
1201;2427;70;;1;8,0
1201;2428;41;;0;1,2
1201;2429;95;;4;2,0
1202;2430;55;;3;5,0
1203;2431;90;;0;1,0
1204;2432;124;;10;3,0
1204;2433;53;;1;5,0
1205;2434;8;;8;8,0
1205;2435;123;;8;3,0
1205;2436;69;;2;2,0
1206;2437;110;;6;0,5
1207;2438;95;;7;2,0
1207;2439;9;;0;3,0
1208;2440;27;;7;2,0
1208;2441;1;;1;2,0
1208;2442;34;;3;0,75
1209;2443;23;;4;3,0
1209;2444;93;;7;2,3
1210;2445;100;;1;5,6
1210;2446;100;;9;5,6
1211;2447;101;;10;2,0
1212;2448;125;;3;7,0
1213;2449;25;;5;7,0
1214;2450;11;;10;8,0
1215;2451;72;;6;2,0
1216;2452;26;;3;4,0
1216;2453;101;;0;2,0
1217;2454;69;;8;2,0
1217;2455;110;;9;0,5
1218;2456;72;;2;2,0
1219;2457;74;;2;3,0
1220;2458;79;;6;1,5
1221;2459;59;;6;3,0
1222;2460;28;;10;2,0
1222;2461;21;;1;4,0
1222;2462;104;;7;5,0
1223;2463;19;;10;2,0
1224;2464;89;;4;0,8
1224;2465;96;;5;8,0
1225;2466;10;;0;0,5
1225;2467;51;;1;2,0
1226;2468;10;;1;0,5
1226;2469;105;;2;5,0
1227;2470;31;;3;2,0
1228;2471;89;;6;0,8
1228;2472;78;;10;2,0
1228;2473;82;;0;5,0
1229;2474;68;;9;6,0
1229;2475;62;;8;4,0
1230;2476;124;;5;3,0
1231;2477;105;;3;5,0
1231;2478;90;;2;1,0
1232;2479;64;;5;4,5
1232;2480;12;;6;4,0
1232;2481;31;;8;2,0
1233;2482;123;;6;3,0
1234;2483;35;;10;1,0
1234;2484;107;;1;8,0
1235;2485;15;;4;4,5
1235;2486;23;;0;3,0
1236;2487;86;;0;0,5
1236;2488;122;;7;2,0
1236;2489;63;;3;4,5
1237;2490;111;;8;8,0
1238;2491;1;;2;2,0
1238;2492;82;;8;5,0
1239;2493;90;;4;1,0
1240;2494;106;;5;7,0
1240;2495;50;;6;5,6
1240;2496;3;;1;5,0
1241;2497;29;;7;1,5
1242;2498;75;;2;7,0
1243;2499;76;;0;4,0
1243;2500;9;;4;3,0
1244;2501;66;;5;3,0
1244;2502;82;;9;5,0
1245;2503;116;;3;3,0
1246;2504;1;;1;2,0
1247;2505;42;;10;2,4
1247;2506;24;;7;3,0
1247;2507;1;;6;2,0
1248;2508;27;;4;2,0
1248;2509;39;;9;0,8
1249;2510;92;;5;2,4
1250;2511;50;;0;5,6
1251;2512;47;;8;9,0
1251;2513;44;;1;4,0
1252;2514;56;;3;7,0
1253;2515;24;;5;3,0
1253;2516;63;;4;4,5
1253;2517;91;;4;1,2
1254;2518;68;;8;6,0
1255;2519;120;;6;8,0
1255;2520;126;;5;4,0
1256;2521;80;;8;4,0
1257;2522;85;;2;1,0
1257;2523;116;;6;3,0
1257;2524;78;;0;2,0
1258;2525;114;;7;4,5
1259;2526;108;;0;8,0
1260;2527;8;;2;8,0
1261;2528;5;;2;5,0
1261;2529;37;;10;0,5
1262;2530;23;;2;3,0
1263;2531;126;;2;4,0
1263;2532;34;;4;0,75
1264;2533;44;;4;4,0
1265;2534;32;;3;5,0
1266;2535;125;;1;7,0
1266;2536;71;;2;4,0
1266;2537;33;;6;0,8
1267;2538;35;;9;1,0
1268;2539;72;;0;2,0
1269;2540;39;;10;0,8
1270;2541;125;;5;7,0
1271;2542;122;;10;2,0
1271;2543;106;;2;7,0
1271;2544;69;;0;2,0
1272;2545;121;;10;4,0
1272;2546;13;;1;4,5
1273;2547;29;;9;1,5
1274;2548;122;;2;2,0
1274;2549;6;;5;7,0
1275;2550;49;;10;3,8
1276;2551;73;;2;3,0
1276;2552;95;;1;2,0
1276;2553;37;;10;0,5
1277;2554;25;;0;7,0
1277;2555;105;;7;5,0
1277;2556;26;;2;4,0
1278;2557;118;;9;6,0
1279;2558;118;;6;6,0
1280;2559;84;;5;0,75
1280;2560;125;;6;7,0
1280;2561;97;;7;9,0
1281;2562;10;;6;0,5
1282;2563;64;;10;4,5
1283;2564;103;;9;5,0
1283;2565;40;;0;1,0
1284;2566;17;;0;3,5
1285;2567;53;;2;5,0
1285;2568;81;;3;2,0
1286;2569;116;;0;3,0
1287;2570;53;;4;5,0
1288;2571;79;;5;1,5
1289;2572;105;;5;5,0
1289;2573;30;;2;4,0
1290;2574;91;;1;1,2
1290;2575;38;;1;0,5
1291;2576;15;;5;4,5
1291;2577;99;;2;3,8
1291;2578;65;;10;4,5
1292;2579;35;;4;1,0
1292;2580;20;;8;8,0
1293;2581;43;;4;2,3
1294;2582;94;;4;4,0
1294;2583;123;;2;3,0
1295;2584;94;;0;4,0
1295;2585;59;;10;3,0
1296;2586;72;;4;2,0
1297;2587;19;;2;2,0
1297;2588;13;;6;4,5
1298;2589;33;;3;0,8
1298;2590;33;;1;0,8
1299;2591;37;;10;0,5
1299;2592;14;;9;4,5
1300;2593;86;;7;0,5
1300;2594;82;;5;5,0
1300;2595;81;;3;2,0
1301;2596;34;;1;0,75
1301;2597;1;;9;2,0
1302;2598;91;;10;1,2
1302;2599;60;;7;0,5
1302;2600;31;;3;2,0
1303;2601;4;;0;5,0
1304;2602;11;;4;8,0
1304;2603;110;;1;0,5
1304;2604;50;;7;5,6
1305;2605;60;;1;0,5
1305;2606;36;;10;0,5
1305;2607;26;;7;4,0
1306;2608;3;;10;5,0
1307;2609;84;;6;0,75
1308;2610;51;;10;2,0
1308;2611;36;;5;0,5
1308;2612;34;;10;0,75
1309;2613;49;;6;3,8
1309;2614;37;;5;0,5
1309;2615;69;;10;2,0
1310;2616;64;;1;4,5
1310;2617;51;;4;2,0
1311;2618;68;;4;6,0
1312;2619;17;;6;3,5
1313;2620;82;;1;5,0
1313;2621;84;;2;0,75
1313;2622;56;;9;7,0
1314;2623;37;;0;0,5
1314;2624;116;;0;3,0
1315;2625;79;;2;1,5
1315;2626;5;;2;5,0
1316;2627;98;;8;4,5
1316;2628;71;;7;4,0
1317;2629;26;;5;4,0
1317;2630;86;;2;0,5
1317;2631;97;;8;9,0
1318;2632;104;;8;5,0
1318;2633;55;;3;5,0
1319;2634;81;;1;2,0
1320;2635;65;;3;4,5
1321;2636;82;;0;5,0
1321;2637;95;;6;2,0
1321;2638;4;;9;5,0
1322;2639;115;;3;4,5
1322;2640;49;;1;3,8
1322;2641;85;;8;1,0
1323;2642;27;;7;2,0
1323;2643;79;;10;1,5
1324;2644;87;;4;0,5
1325;2645;45;;9;2,0
1326;2646;98;;10;4,5
1327;2647;29;;7;1,5
1327;2648;38;;3;0,5
1328;2649;70;;6;8,0
1328;2650;42;;3;2,4
1328;2651;49;;2;3,8
1329;2652;57;;10;8,0
1329;2653;14;;6;4,5
1330;2654;122;;7;2,0
1330;2655;122;;10;2,0
1330;2656;110;;5;0,5
1331;2657;74;;2;3,0
1331;2658;75;;10;7,0
1331;2659;70;;8;8,0
1332;2660;18;;8;6,0
1332;2661;101;;4;2,0
1332;2662;47;;9;9,0
1333;2663;17;;4;3,5
1334;2664;94;;7;4,0
1334;2665;28;;6;2,0
1334;2666;52;;8;4,0
1335;2667;18;;10;6,0
1336;2668;17;;4;3,5
1336;2669;20;;8;8,0
1336;2670;108;;9;8,0
1337;2671;58;;3;8,0
1338;2672;82;;4;5,0
1338;2673;81;;3;2,0
1338;2674;62;;7;4,0
1339;2675;1;;2;2,0
1339;2676;115;;2;4,5
1340;2677;32;;7;5,0
1340;2678;31;;9;2,0
1341;2679;62;;9;4,0
1342;2680;35;;5;1,0
1343;2681;92;;1;2,4
1343;2682;32;;9;5,0
1344;2683;9;;0;3,0
1345;2684;70;;6;8,0
1346;2685;123;;2;3,0
1346;2686;57;;10;8,0
1346;2687;27;;8;2,0
1347;2688;4;;3;5,0
1347;2689;110;;3;0,5
1348;2690;50;;9;5,6
1348;2691;2;;0;4,0
1348;2692;10;;0;0,5
1349;2693;56;;5;7,0
1349;2694;24;;0;3,0
1349;2695;85;;3;1,0
1350;2696;19;;10;2,0
1350;2697;43;;2;2,3
1351;2698;102;;5;4,0
1352;2699;23;;3;3,0
1352;2700;7;;6;8,0
1353;2701;57;;1;8,0
1353;2702;43;;10;2,3
1354;2703;88;;7;0,5
1354;2704;10;;0;0,5
1355;2705;79;;2;1,5
1355;2706;70;;3;8,0
1355;2707;23;;4;3,0
1356;2708;46;;10;8,0
1356;2709;121;;5;4,0
1357;2710;119;;7;2,0
1358;2711;29;;5;1,5
1358;2712;41;;4;1,2
1359;2713;11;;6;8,0
1359;2714;85;;8;1,0
1360;2715;46;;9;8,0
1360;2716;62;;3;4,0
1360;2717;42;;9;2,4
1361;2718;126;;9;4,0
1362;2719;96;;10;8,0
1363;2720;2;;2;4,0
1364;2721;8;;9;8,0
1365;2722;10;;2;0,5
1365;2723;124;;5;3,0
1366;2724;5;;3;5,0
1366;2725;5;;7;5,0
1367;2726;102;;10;4,0
1367;2727;58;;8;8,0
1367;2728;24;;1;3,0
1368;2729;88;;6;0,5
1369;2730;75;;1;7,0
1369;2731;71;;1;4,0
1370;2732;67;;9;3,5
1370;2733;35;;3;1,0
1370;2734;29;;9;1,5
1371;2735;9;;1;3,0
1371;2736;42;;0;2,4
1371;2737;42;;0;2,4
1372;2738;88;;9;0,5
1373;2739;18;;3;6,0
1373;2740;75;;7;7,0
1373;2741;85;;4;1,0
1374;2742;35;;3;1,0
1375;2743;126;;8;4,0
1376;2744;108;;10;8,0
1376;2745;83;;2;0,8
1376;2746;10;;6;0,5
1377;2747;24;;4;3,0
1378;2748;86;;0;0,5
1378;2749;46;;4;8,0
1379;2750;1;;6;2,0
1379;2751;47;;7;9,0
1380;2752;81;;10;2,0
1381;2753;120;;3;8,0
1381;2754;31;;5;2,0
1382;2755;89;;0;0,8
1383;2756;89;;1;0,8
1384;2757;18;;1;6,0
1385;2758;91;;6;1,2
1386;2759;110;;9;0,5
1386;2760;38;;9;0,5
1387;2761;67;;8;3,5
1387;2762;100;;5;5,6
1388;2763;16;;3;3,0
1388;2764;73;;9;3,0
1389;2765;91;;4;1,2
1390;2766;92;;8;2,4
1390;2767;90;;0;1,0
1391;2768;84;;1;0,75
1391;2769;92;;2;2,4
1392;2770;10;;3;0,5
1393;2771;39;;4;0,8
1394;2772;17;;3;3,5
1394;2773;33;;8;0,8
1395;2774;34;;1;0,75
1395;2775;42;;3;2,4
1396;2776;52;;6;4,0
1396;2777;39;;9;0,8
1396;2778;6;;10;7,0
1397;2779;100;;0;5,6
1397;2780;90;;0;1,0
1398;2781;115;;7;4,5
1399;2782;15;;6;4,5
1399;2783;17;;0;3,5
1400;2784;91;;3;1,2
1400;2785;83;;10;0,8
1401;2786;23;;9;3,0
1401;2787;7;;8;8,0
1401;2788;57;;1;8,0
1402;2789;124;;5;3,0
1402;2790;21;;6;4,0
1403;2791;113;;4;4,5
1404;2792;13;;1;4,5
1404;2793;3;;6;5,0
1405;2794;112;;7;4,0
1406;2795;72;;3;2,0
1407;2796;52;;6;4,0
1407;2797;80;;9;4,0
1407;2798;97;;10;9,0
1408;2799;57;;10;8,0
1409;2800;91;;5;1,2
1409;2801;79;;6;1,5
1410;2802;96;;4;8,0
1410;2803;83;;10;0,8
1410;2804;23;;10;3,0
1411;2805;91;;10;1,2
1411;2806;8;;1;8,0
1411;2807;6;;5;7,0
1412;2808;74;;7;3,0
1412;2809;89;;4;0,8
1412;2810;23;;4;3,0
1413;2811;15;;3;4,5
1413;2812;85;;6;1,0
1414;2813;50;;8;5,6
1415;2814;107;;9;8,0
1415;2815;126;;9;4,0
1415;2816;28;;5;2,0
1416;2817;108;;0;8,0
1416;2818;61;;10;8,0
1417;2819;10;;2;0,5
1417;2820;27;;5;2,0
1418;2821;69;;4;2,0
1418;2822;44;;8;4,0
1419;2823;35;;7;1,0
1420;2824;91;;0;1,2
1421;2825;105;;1;5,0
1421;2826;4;;0;5,0
1421;2827;116;;1;3,0
1422;2828;111;;8;8,0
1423;2829;116;;3;3,0
1423;2830;67;;8;3,5
1424;2831;88;;1;0,5
1424;2832;40;;6;1,0
1424;2833;100;;1;5,6
1425;2834;75;;8;7,0
1425;2835;2;;0;4,0
1426;2836;6;;4;7,0
1426;2837;16;;9;3,0
1426;2838;93;;4;2,3
1427;2839;124;;2;3,0
1428;2840;61;;7;8,0
1428;2841;117;;9;3,5
1429;2842;46;;3;8,0
1429;2843;94;;3;4,0
1430;2844;126;;6;4,0
1430;2845;100;;8;5,6
1430;2846;82;;4;5,0
1431;2847;10;;4;0,5
1432;2848;104;;1;5,0
1432;2849;38;;6;0,5
1432;2850;78;;0;2,0
1433;2851;98;;9;4,5
1434;2852;125;;1;7,0
1435;2853;36;;7;0,5
1435;2854;121;;7;4,0
1436;2855;75;;1;7,0
1436;2856;85;;8;1,0
1437;2857;104;;6;5,0
1437;2858;88;;0;0,5
1438;2859;73;;10;3,0
1438;2860;52;;5;4,0
1439;2861;48;;9;4,5
1440;2862;29;;1;1,5
1440;2863;123;;10;3,0
1441;2864;52;;5;4,0
1441;2865;3;;2;5,0
1442;2866;113;;2;4,5
1442;2867;90;;8;1,0
1442;2868;47;;9;9,0
1443;2869;37;;9;0,5
1443;2870;14;;4;4,5
1444;2871;94;;9;4,0
1445;2872;9;;1;3,0
1445;2873;73;;0;3,0
1445;2874;14;;0;4,5
1446;2875;30;;1;4,0
1447;2876;42;;0;2,4
1448;2877;17;;3;3,5
1448;2878;27;;1;2,0
1449;2879;92;;9;2,4
1450;2880;35;;10;1,0
1450;2881;71;;8;4,0
1451;2882;79;;7;1,5
1452;2883;10;;5;0,5
1453;2884;111;;10;8,0
1453;2885;63;;9;4,5
1453;2886;75;;1;7,0
1454;2887;26;;1;4,0
1454;2888;94;;7;4,0
1454;2889;16;;10;3,0
1455;2890;9;;8;3,0
1455;2891;7;;8;8,0
1455;2892;70;;2;8,0
1456;2893;42;;8;2,4
1457;2894;91;;4;1,2
1457;2895;38;;2;0,5
1458;2896;71;;9;4,0
1458;2897;84;;2;0,75
1459;2898;79;;8;1,5
1460;2899;93;;4;2,3
1460;2900;102;;1;4,0
1461;2901;124;;3;3,0
1461;2902;78;;3;2,0
1461;2903;13;;6;4,5
1462;2904;123;;8;3,0
1462;2905;111;;4;8,0
1463;2906;72;;7;2,0
1463;2907;8;;1;8,0
1464;2908;117;;1;3,5
1464;2909;37;;1;0,5
1465;2910;109;;3;3,0
1465;2911;20;;1;8,0
1466;2912;28;;10;2,0
1467;2913;104;;1;5,0
1467;2914;108;;6;8,0
1467;2915;56;;4;7,0
1468;2916;39;;9;0,8
1468;2917;87;;0;0,5
1468;2918;63;;8;4,5
1469;2919;93;;0;2,3
1469;2920;29;;1;1,5
1470;2921;59;;6;3,0
1470;2922;106;;5;7,0
1470;2923;37;;8;0,5
1471;2924;118;;8;6,0
1471;2925;43;;7;2,3
1472;2926;31;;9;2,0
1473;2927;6;;9;7,0
1473;2928;6;;9;7,0
1473;2929;92;;6;2,4
1474;2930;126;;9;4,0
1474;2931;65;;5;4,5
1475;2932;81;;4;2,0
1476;2933;49;;10;3,8
1476;2934;69;;1;2,0
1476;2935;8;;9;8,0
1477;2936;76;;1;4,0
1478;2937;113;;1;4,5
1478;2938;96;;7;8,0
1479;2939;67;;5;3,5
1479;2940;41;;0;1,2
1480;2941;36;;2;0,5
1480;2942;105;;8;5,0
1480;2943;70;;8;8,0
1481;2944;100;;4;5,6
1481;2945;58;;5;8,0
1482;2946;15;;9;4,5
1483;2947;20;;1;8,0
1483;2948;112;;4;4,0
1483;2949;82;;10;5,0
1484;2950;82;;10;5,0
1485;2951;33;;8;0,8
1485;2952;31;;1;2,0
1486;2953;59;;0;3,0
1486;2954;12;;8;4,0
1486;2955;19;;6;2,0
1487;2956;55;;4;5,0
1487;2957;6;;2;7,0
1488;2958;91;;4;1,2
1489;2959;75;;7;7,0
1489;2960;15;;0;4,5
1489;2961;72;;3;2,0
1490;2962;3;;0;5,0
1490;2963;104;;7;5,0
1490;2964;71;;4;4,0
1491;2965;72;;9;2,0
1492;2966;91;;0;1,2
1493;2967;99;;3;3,8
1493;2968;21;;1;4,0
1494;2969;23;;5;3,0
1494;2970;29;;2;1,5
1494;2971;43;;0;2,3
1495;2972;95;;4;2,0
1495;2973;73;;6;3,0
1495;2974;47;;3;9,0
1496;2975;92;;7;2,4
1497;2976;14;;2;4,5
1497;2977;115;;4;4,5
1498;2978;67;;7;3,5
1498;2979;14;;4;4,5
1499;2980;96;;6;8,0
1499;2981;13;;0;4,5
1500;2982;28;;10;2,0
1501;2983;62;;4;4,0
1501;2984;51;;1;2,0
1501;2985;104;;7;5,0
1502;2986;98;;2;4,5
1502;2987;112;;9;4,0
1503;2988;70;;1;8,0
1503;2989;58;;0;8,0
1503;2990;120;;3;8,0
1504;2991;85;;6;1,0
1504;2992;115;;10;4,5
1504;2993;30;;3;4,0
1505;2994;31;;0;2,0
1505;2995;81;;8;2,0
1505;2996;94;;10;4,0
1506;2997;121;;9;4,0
1507;2998;35;;8;1,0
1507;2999;67;;1;3,5
1507;3000;123;;4;3,0
1508;3001;48;;3;4,5
1508;3002;26;;6;4,0
1509;3003;14;;2;4,5
1509;3004;84;;4;0,75
1510;3005;69;;9;2,0
1510;3006;63;;7;4,5
1510;3007;30;;1;4,0
1511;3008;6;;8;7,0
1511;3009;30;;9;4,0
1512;3010;69;;3;2,0
1512;3011;57;;6;8,0
1512;3012;117;;1;3,5
1513;3013;70;;6;8,0
1514;3014;104;;5;5,0
1514;3015;119;;4;2,0
1515;3016;26;;2;4,0
1516;3017;21;;9;4,0
1517;3018;70;;7;8,0
1517;3019;74;;10;3,0
1518;3020;126;;3;4,0
1518;3021;60;;3;0,5
1519;3022;51;;8;2,0
1519;3023;122;;7;2,0
1520;3024;70;;1;8,0
1521;3025;17;;7;3,5
1521;3026;49;;4;3,8
1522;3027;107;;0;8,0
1523;3028;37;;6;0,5
1524;3029;76;;9;4,0
1524;3030;7;;10;8,0
1525;3031;99;;9;3,8
1525;3032;107;;1;8,0
1526;3033;41;;3;1,2
1526;3034;43;;10;2,3
1526;3035;104;;3;5,0
1527;3036;102;;3;4,0
1527;3037;88;;10;0,5
1527;3038;67;;0;3,5
1528;3039;3;;4;5,0
1528;3040;74;;6;3,0
1528;3041;47;;1;9,0
1529;3042;122;;7;2,0
1529;3043;72;;2;2,0
1530;3044;41;;2;1,2
1531;3045;66;;3;3,0
1531;3046;13;;3;4,5
1532;3047;92;;1;2,4
1532;3048;98;;2;4,5
1533;3049;65;;7;4,5
1533;3050;87;;9;0,5
1534;3051;36;;9;0,5
1534;3052;5;;8;5,0
1535;3053;25;;0;7,0
1536;3054;80;;7;4,0
1536;3055;98;;0;4,5
1537;3056;125;;1;7,0
1537;3057;38;;2;0,5
1538;3058;102;;1;4,0
1538;3059;44;;4;4,0
1539;3060;6;;0;7,0
1540;3061;104;;9;5,0
1540;3062;109;;7;3,0
1541;3063;48;;6;4,5
1542;3064;56;;3;7,0
1542;3065;94;;10;4,0
1543;3066;77;;7;2,0
1544;3067;73;;9;3,0
1544;3068;91;;6;1,2
1544;3069;78;;10;2,0
1545;3070;89;;3;0,8
1546;3071;44;;8;4,0
1547;3072;19;;4;2,0
1548;3073;3;;0;5,0
1548;3074;25;;4;7,0
1548;3075;55;;3;5,0
1549;3076;71;;10;4,0
1550;3077;11;;4;8,0
1550;3078;114;;3;4,5
1550;3079;70;;6;8,0
1551;3080;95;;8;2,0
1551;3081;109;;5;3,0
1551;3082;5;;0;5,0
1552;3083;20;;3;8,0
1552;3084;62;;2;4,0
1552;3085;92;;6;2,4
1553;3086;25;;6;7,0
1554;3087;17;;2;3,5
1554;3088;109;;10;3,0
1555;3089;123;;7;3,0
1555;3090;32;;9;5,0
1555;3091;10;;5;0,5
1556;3092;71;;10;4,0
1557;3093;29;;3;1,5
1557;3094;39;;9;0,8
1558;3095;73;;0;3,0
1559;3096;115;;4;4,5
1559;3097;25;;1;7,0
1560;3098;120;;2;8,0
1561;3099;115;;7;4,5
1561;3100;100;;9;5,6
1561;3101;90;;4;1,0
1562;3102;82;;4;5,0
1562;3103;113;;4;4,5
1562;3104;118;;1;6,0
1563;3105;4;;1;5,0
1564;3106;68;;3;6,0
1564;3107;98;;2;4,5
1565;3108;85;;8;1,0
1566;3109;119;;10;2,0
1566;3110;76;;8;4,0
1567;3111;26;;10;4,0
1567;3112;77;;4;2,0
1568;3113;88;;7;0,5
1569;3114;99;;4;3,8
1569;3115;20;;0;8,0
1569;3116;14;;6;4,5
1570;3117;72;;10;2,0
1570;3118;53;;5;5,0
1570;3119;74;;10;3,0
1571;3120;98;;4;4,5
1571;3121;31;;3;2,0
1572;3122;41;;10;1,2
1573;3123;30;;7;4,0
1574;3124;52;;6;4,0
1574;3125;90;;8;1,0
1575;3126;59;;6;3,0
1575;3127;52;;8;4,0
1576;3128;26;;8;4,0
1576;3129;110;;5;0,5
1576;3130;23;;2;3,0
1577;3131;31;;0;2,0
1577;3132;65;;0;4,5
1578;3133;26;;3;4,0
1578;3134;64;;10;4,5
1579;3135;35;;5;1,0
1579;3136;96;;8;8,0
1580;3137;58;;3;8,0
1580;3138;21;;2;4,0
1581;3139;108;;9;8,0
1581;3140;70;;7;8,0
1582;3141;67;;6;3,5
1582;3142;57;;8;8,0
1583;3143;91;;5;1,2
1583;3144;79;;3;1,5
1583;3145;73;;4;3,0
1584;3146;18;;9;6,0
1584;3147;38;;7;0,5
1584;3148;93;;5;2,3
1585;3149;78;;10;2,0
1585;3150;66;;1;3,0
1586;3151;62;;8;4,0
1586;3152;21;;8;4,0
1586;3153;43;;8;2,3
1587;3154;71;;0;4,0
1588;3155;31;;8;2,0
1588;3156;4;;7;5,0
1588;3157;17;;5;3,5
1589;3158;92;;3;2,4
1590;3159;35;;4;1,0
1590;3160;86;;3;0,5
1590;3161;88;;2;0,5
1591;3162;98;;7;4,5
1592;3163;69;;5;2,0
1592;3164;12;;6;4,0
1592;3165;23;;10;3,0
1593;3166;42;;10;2,4
1593;3167;95;;2;2,0
1594;3168;47;;9;9,0
1594;3169;25;;1;7,0
1594;3170;23;;5;3,0
1595;3171;119;;5;2,0
1595;3172;73;;3;3,0
1595;3173;28;;1;2,0
1596;3174;39;;7;0,8
1597;3175;27;;8;2,0
1598;3176;114;;0;4,5
1598;3177;79;;5;1,5
1598;3178;59;;5;3,0
1599;3179;49;;6;3,8
1599;3180;69;;0;2,0
1600;3181;73;;4;3,0
1600;3182;121;;4;4,0
1600;3183;28;;5;2,0