BestellungID;KundeID;VereinsPartnerID;Kaufdatum;Kreditkarte;GueltigBis;KKFirma;ProduktID;Menge;Preis;Rabatt
RS00004808;;;26.01.2025;;;;113;30;4,5;3,0
RS00004809;;;26.01.2025;;;;27;4;2,0;1,5
RS00004810;84;Blaetterglueck;26.01.2025;3797 1944 9461 936;01/27;VISA;83;5;0,8;0,0
RS00004811;;;26.01.2025;3054 0972 5673 99;08/26;Mastercard;110;45;0,5;1,5
RS00004812;;;26.01.2025;4118 2331 4885 3;07/32;American;111;45;8,0;0,5
RS00004813;;;26.01.2025;;;;54;32;5,0;0,0
RS00004814;;;26.01.2025;4758 8380 3731 9323 ;12/29;JCB;125;36;7,0;2,0
RS00004815;;;26.01.2025;2131 1590 8060 857;04/28;Maestro;59;42;3,0;2,0
RS00004816;;;26.01.2025;6011 5761 7988 7511 ;02/27;JCB;125;5;7,0;2,0
RS00004817;285;VolleRose;26.01.2025;;;;64;14;4,5;1,5
RS00004818;;;26.01.2025;2131 0185 4850 905;05/34;Maestro;113;21;4,5;1,0
RS00004819;151;WochenendGLück;26.01.2025;;;;105;19;5,0;1,0
RS00004820;55;GlückAuf;26.01.2025;5282 5527 1927 3086 ;01/32;JCB;32;34;5,0;2,5
RS00004821;;;26.01.2025;2720 9775 2069 5937 ;10/31;VISA;16;33;3,0;3,0
RS00004822;;;26.01.2025;;;;52;33;4,0;1,0
RS00004823;;;26.01.2025;4710 7436 6290 1717 ;07/33;Discover;114;1;4,5;0,5
RS00004824;;;26.01.2025;3036 6175 4489 67;12/30;Diners;63;26;4,5;0,5
RS00004825;;;26.01.2025;;;;51;23;2,0;1,0
RS00004826;;;26.01.2025;;;;101;21;2,0;0,0
RS00004827;;;26.01.2025;;;;60;3;0,5;1,5
RS00004828;;;26.01.2025;3514 2343 4944 6862 ;04/28;Maestro;45;32;2,0;1,5
RS00004829;;;26.01.2025;3049 5410 4009 60;01/34;American;21;29;4,0;0,5
RS00004830;99;WochenendGLück;26.01.2025;;;;42;19;2,4;2,0
RS00004831;;;26.01.2025;;;;20;46;8,0;1,5
RS00004832;;;26.01.2025;;;;52;16;4,0;2,0
RS00004833;;;26.01.2025;5018 2844 8511 ;07/31;VISA;56;46;7,0;0,5
RS00004834;;;26.01.2025;;;;12;34;4,0;2,0
RS00004835;270;Druff1848;26.01.2025;6761 2673 5387 ;10/33;American;115;6;4,5;2,5
RS00004836;;;26.01.2025;4354 3542 3961 1390 ;05/34;JCB;53;24;5,0;1,0
RS00004837;;;26.01.2025;;;;37;22;0,5;3,0
RS00004838;;;26.01.2025;;;;123;26;3,0;3,0
RS00004839;25;VolleRose;26.01.2025;;;;64;41;4,5;0,0
RS00004840;;;26.01.2025;4126 8584 2922 0344 496;05/27;VISA;80;2;4,0;0,5
RS00004841;256;;26.01.2025;;;;45;41;2,0;1,5
RS00004842;;;26.01.2025;1800 6979 9855 488;12/30;VISA;94;18;4,0;0,5
RS00004843;;;26.01.2025;3726 4867 0710 777;12/25;VISA;82;26;5,0;1,5
RS00004844;350;;26.01.2025;;;;116;4;3,0;1,5
RS00004845;66;;26.01.2025;;;;124;48;3,0;0,5
RS00004846;314;Morgenstern;26.01.2025;4696 9682 6979 6;04/34;JCB;32;35;5,0;0,5
RS00004847;;;26.01.2025;;;;63;10;4,5;0,5
RS00004848;;;26.01.2025;;;;72;47;2,0;0,5
RS00004849;;;26.01.2025;4721 0757 2480 1248 ;11/32;Mastercard;118;22;6,0;0,0
RS00004850;;;26.01.2025;;;;19;6;2,0;2,5
RS00004851;;;26.01.2025;;;;119;30;2,0;2,5
RS00004852;;;26.01.2025;5038 0084 7389 ;09/33;VISA;72;46;2,0;1,0
RS00004853;;;26.01.2025;3510 8666 8359 6853 ;04/26;Maestro;84;2;0,75;0,5
RS00004854;;;26.01.2025;6759 7719 0486 ;04/35;VISA;106;12;7,0;3,0
RS00004855;;;26.01.2025;;;;38;4;0,5;1,5
RS00004856;;;26.01.2025;;;;52;5;4,0;0,0
RS00004857;18;Morgenstern;26.01.2025;4890 7500 5544 5626 ;01/35;American;97;34;9,0;0,5
RS00004858;;;26.01.2025;4605 4804 4978 6164 ;01/26;JCB;61;27;8,0;2,5
RS00004859;404;GlückAuf;26.01.2025;;;;56;6;7,0;0,0
RS00004860;;;26.01.2025;3590 4403 3892 9373 ;09/32;JCB;48;48;4,5;2,5
RS00004861;;;26.01.2025;4683 5526 7914 6304 ;07/31;VISA;106;23;7,0;2,5
RS00004862;;;26.01.2025;3007 6476 8168 34;03/28;VISA;18;23;6,0;1,0
RS00004863;;;26.01.2025;3575 8692 9392 9797 ;09/28;VISA;2;46;4,0;3,0
RS00004864;;;26.01.2025;;;;93;8;2,3;3,0
RS00004865;;;26.01.2025;;;;82;40;5,0;2,5
RS00004866;136;Blaetterglueck;26.01.2025;4014 5860 5669 5224 312;09/26;VISA;98;27;4,5;2,5
RS00004867;;;26.01.2025;4136 1913 3325 7786 ;09/32;JCB;103;39;5,0;1,5
RS00004868;;;26.01.2025;;;;118;17;6,0;2,5
RS00004869;386;WochenendGLück;26.01.2025;;;;74;42;3,0;2,0
RS00004870;;;26.01.2025;2269 6139 9352 1550 ;02/33;JCB;81;20;2,0;3,0
RS00004871;;;26.01.2025;4303 2066 0964 0;02/32;VISA;24;26;3,0;2,0
RS00004872;54;;26.01.2025;2131 8812 1953 505;12/29;Diners;54;49;5,0;2,5
RS00004873;247;;26.01.2025;;;;74;13;3,0;0,5
RS00004874;;;26.01.2025;;;;113;17;4,5;2,5
RS00004875;;;26.01.2025;;;;16;13;3,0;0,0
RS00004876;;;26.01.2025;;;;74;25;3,0;2,0
RS00004877;;;26.01.2025;4302 8969 0119 2;11/28;Diners;69;21;2,0;2,5
RS00004878;;;26.01.2025;;;;122;26;2,0;0,0
RS00004879;;;26.01.2025;2221 9777 5174 6056 ;09/33;Maestro;94;35;4,0;2,0
RS00004880;;;26.01.2025;4871 9647 7423 3758 ;10/34;VISA;84;18;0,75;2,5
RS00004881;;;26.01.2025;;;;113;18;4,5;2,0
RS00004882;46;;26.01.2025;4727 2777 9159 6968 333;11/27;VISA;54;12;5,0;0,0
RS00004883;125;WochenendGLück;26.01.2025;;;;12;1;4,0;2,5
RS00004884;;;26.01.2025;;;;74;13;3,0;3,0
RS00004885;;;26.01.2025;;;;72;29;2,0;2,5
RS00004886;;;26.01.2025;3430 4603 0542 350;02/32;VISA;29;40;1,5;0,5
RS00004887;410;;26.01.2025;;;;89;28;0,8;0,0
RS00004888;161;Morgenstern;26.01.2025;;;;78;44;2,0;1,5
RS00004889;;;26.01.2025;;;;30;41;4,0;3,0
RS00004890;;;26.01.2025;3565 8492 7765 5867 ;09/29;JCB;97;12;9,0;1,0
RS00004891;99;WochenendGLück;26.01.2025;4165 2767 1227 8125 ;05/34;VISA;64;41;4,5;1,5
RS00004892;;;26.01.2025;3510 3573 2605 7602 ;06/30;VISA;46;27;8,0;1,5
RS00004893;139;;26.01.2025;3595 7879 9830 4718 ;11/28;VISA;6;25;7,0;3,0
RS00004894;325;GlückAuf;26.01.2025;;;;122;24;2,0;2,0
RS00004895;;;26.01.2025;2131 8878 8893 598;08/28;VISA;120;9;8,0;1,5
RS00004896;32;Blaetterglueck;26.01.2025;6759 3221 2722 ;10/31;VISA;124;34;3,0;2,0
RS00004897;;;26.01.2025;;;;99;34;3,8;3,0
RS00004898;250;GlückAuf;26.01.2025;;;;102;21;4,0;3,0
RS00004899;;;26.01.2025;1800 0594 1888 811;12/25;JCB;5;31;5,0;0,0
RS00004900;;;26.01.2025;;;;19;9;2,0;3,0
RS00004901;120;GlückAuf;26.01.2025;6011 5764 5149 4762 ;01/31;Maestro;82;48;5,0;0,0
RS00004902;11;;26.01.2025;6580 6607 4113 8784 ;06/29;VISA;32;45;5,0;3,0
RS00004903;;;26.01.2025;6759 0570 1933 ;08/26;JCB;24;28;3,0;3,0
RS00004904;161;Morgenstern;26.01.2025;3018 6936 9799 06;07/30;JCB;1;1;2,0;1,5
RS00004905;;;26.01.2025;6519 4374 0747 1544 ;07/33;Discover;15;9;4,5;3,0
RS00004906;;;26.01.2025;2131 5999 1684 892;01/26;VISA;108;2;8,0;2,5
RS00004907;;;26.01.2025;;;;6;17;7,0;1,0
RS00004908;;;26.01.2025;4739 3825 6960 7171 ;03/30;JCB;21;15;4,0;1,5
RS00004909;;;26.01.2025;;;;84;34;0,75;2,0
RS00004910;;;26.01.2025;;;;79;22;1,5;1,0
RS00004911;;;26.01.2025;;;;48;15;4,5;0,0
RS00004912;;;26.01.2025;;;;110;17;0,5;0,5
RS00004913;;;26.01.2025;4148 3312 7273 9953 485;05/32;Mastercard;80;15;4,0;1,5
RS00004914;387;;26.01.2025;;;;4;27;5,0;2,0
RS00004915;;;26.01.2025;4478 8211 0537 8172 ;04/31;JCB;83;27;0,8;2,5
RS00004916;23;Druff1848;26.01.2025;;;;84;7;0,75;2,0
RS00004917;299;;26.01.2025;;;;17;43;3,5;0,5
RS00004918;;;26.01.2025;;;;54;43;5,0;0,5
RS00004919;340;Abendröte;26.01.2025;3525 6086 4493 3988 ;06/31;American;107;18;8,0;2,5
RS00004920;;;26.01.2025;3561 2762 7381 1746 ;02/31;Discover;101;12;2,0;0,0
RS00004921;;;26.01.2025;;;;14;22;4,5;0,0
RS00004922;259;VolleRose;26.01.2025;;;;107;9;8,0;0,0
RS00004923;96;Morgenstern;26.01.2025;2131 5082 4714 055;07/27;JCB;97;14;9,0;3,0
RS00004924;350;;26.01.2025;4525 5744 4725 8;12/31;VISA;40;4;1,0;0,0
RS00004925;;;26.01.2025;5399 7767 8771 4313 ;05/31;Diners;121;41;4,0;1,0
RS00004926;;;26.01.2025;3519 2038 6039 5332 ;03/30;Diners;43;17;2,3;0,5
RS00004927;382;;26.01.2025;;;;59;26;3,0;0,5
RS00004928;;;26.01.2025;4237 9132 9274 6345 ;06/31;VISA;110;19;0,5;2,5
RS00004929;;;26.01.2025;;;;19;49;2,0;3,0
RS00004930;163;;26.01.2025;2131 4244 4582 582;02/27;VISA;68;5;6,0;1,0
RS00004931;;;26.01.2025;;;;21;5;4,0;0,0
RS00004932;;;26.01.2025;4705 8890 7941 8154 ;03/30;Mastercard;7;32;8,0;1,0
RS00004933;;;26.01.2025;;;;80;47;4,0;2,5
RS00004934;;;26.01.2025;3774 1218 6316 438;10/33;Mastercard;71;11;4,0;1,0
RS00004935;355;GlückAuf;26.01.2025;;;;116;36;3,0;0,0
RS00004936;;;26.01.2025;2669 0206 5754 2201 ;01/29;VISA;59;35;3,0;2,5
RS00004937;;;26.01.2025;;;;49;14;3,8;2,5
RS00004938;;;26.01.2025;4862 9859 6004 5;06/27;VISA;104;12;5,0;2,0
RS00004939;341;Blaetterglueck;26.01.2025;4608 9978 6956 1;11/28;VISA;62;19;4,0;1,5
RS00004940;;;26.01.2025;5762 9407 7234 ;11/26;JCB;11;32;8,0;1,5
RS00004941;;;26.01.2025;3037 5443 9274 13;05/35;Discover;68;17;6,0;1,5
RS00004942;;;26.01.2025;5267 6832 6960 2512 ;08/26;JCB;78;11;2,0;3,0
RS00004943;;;26.01.2025;3504 6886 2758 9580 ;01/31;Mastercard;46;36;8,0;1,5
RS00004944;;;26.01.2025;1800 6914 2212 767;10/31;JCB;22;18;2,0;2,0
RS00004945;;;26.01.2025;;;;28;45;2,0;1,5
RS00004946;162;Blaetterglueck;26.01.2025;4554 5701 3056 7468 ;08/34;VISA;35;35;1,0;1,0
RS00004947;81;GlückAuf;26.01.2025;;;;91;5;1,2;1,5
RS00004948;;;26.01.2025;4081 0264 4112 5712 ;01/35;Diners;113;9;4,5;2,5
RS00004949;;;26.01.2025;6522 1523 9676 5609 ;09/31;Diners;94;25;4,0;1,5
RS00004950;;;26.01.2025;6759 2102 4443 ;01/32;VISA;110;20;0,5;2,5
RS00004951;140;Druff1848;26.01.2025;;;;62;20;4,0;1,0
RS00004952;;;26.01.2025;;;;47;40;9,0;2,0
RS00004953;;;26.01.2025;;;;6;22;7,0;0,0
RS00004954;260;;26.01.2025;;;;7;41;8,0;2,5
RS00004955;;;26.01.2025;3006 0427 6361 45;08/32;Mastercard;41;12;1,2;0,5
RS00004956;;;26.01.2025;3428 5523 6481 770;06/27;American;72;10;2,0;0,0
RS00004957;;;26.01.2025;;;;89;40;0,8;1,5
RS00004958;268;WochenendGLück;26.01.2025;6011 0605 1299 6081 ;09/29;VISA;83;25;0,8;0,5
RS00004959;200;Morgenstern;26.01.2025;4981 7670 4609 1962 ;03/27;Discover;86;5;0,5;0,5
RS00004960;;;26.01.2025;;;;23;30;3,0;2,5
RS00004961;365;Druff1848;26.01.2025;;;;83;37;0,8;0,5
RS00004962;368;GlückAuf;26.01.2025;4567 3453 4561 7491 417;07/29;VISA;90;2;1,0;0,0
RS00004963;;;26.01.2025;3449 9372 5422 381;11/26;Diners;115;36;4,5;0,5
RS00004964;397;;26.01.2025;;;;19;39;2,0;2,5
RS00004965;;;26.01.2025;;;;103;13;5,0;2,5
RS00004966;225;;26.01.2025;4655 9011 9120 9302 ;10/26;Mastercard;84;1;0,75;3,0
RS00004967;;;26.01.2025;4501 5696 9382 6;02/30;JCB;3;13;5,0;0,5
RS00004968;359;;26.01.2025;;;;39;25;0,8;1,0
RS00004969;154;;26.01.2025;4389 6171 7448 1507 508;02/31;VISA;35;25;1,0;2,5
RS00004970;;;26.01.2025;;;;61;29;8,0;1,5
RS00004971;;;26.01.2025;;;;97;36;9,0;0,5
RS00004972;;;26.01.2025;;;;31;8;2,0;2,5
RS00004973;293;;26.01.2025;4328 0649 3981 3062 ;01/34;American;39;31;0,8;2,0
RS00004974;;;26.01.2025;2305 1621 2523 0421 ;06/29;VISA;122;7;2,0;2,0
RS00004975;;;26.01.2025;2131 2195 2355 193;08/29;VISA;70;18;8,0;1,0
RS00004976;405;;26.01.2025;;;;108;1;8,0;0,5
RS00004977;159;GlückAuf;26.01.2025;;;;24;37;3,0;0,0
RS00004978;;;26.01.2025;;;;10;20;0,5;0,0
RS00004979;171;;26.01.2025;;;;9;14;3,0;1,0
RS00004980;;;26.01.2025;6304 2694 6079 ;07/32;Diners;97;39;9,0;3,0
RS00004981;340;Abendröte;26.01.2025;4882 5248 5623 1;02/35;Maestro;21;28;4,0;1,5
RS00004982;89;;26.01.2025;;;;4;45;5,0;1,5
RS00004983;;;26.01.2025;4401 4877 7889 7928 569;04/35;Mastercard;113;11;4,5;0,0
RS00004984;;;26.01.2025;4895 2185 6846 0659 363;10/31;VISA;106;20;7,0;2,0
RS00004985;;;26.01.2025;;;;81;16;2,0;1,5
RS00004986;;;26.01.2025;4478 8315 5574 0805 ;05/35;JCB;39;21;0,8;1,0
RS00004987;;;26.01.2025;5535 5794 0495 8627 ;01/30;Maestro;70;27;8,0;3,0
RS00004988;;;26.01.2025;;;;42;22;2,4;2,0
RS00004989;310;;26.01.2025;;;;6;26;7,0;2,0
RS00004990;;;26.01.2025;6011 9164 2420 2720 ;09/28;Maestro;40;14;1,0;2,5
RS00004991;;;26.01.2025;4140 5209 8583 4947 742;05/35;JCB;113;25;4,5;0,5
RS00004992;;;26.01.2025;;;;89;7;0,8;1,0
RS00004993;337;;26.01.2025;3054 1681 5607 25;11/31;VISA;12;31;4,0;0,0
RS00004994;196;;26.01.2025;3577 6722 3761 7256 ;08/33;Mastercard;15;11;4,5;1,0
RS00004995;249;;26.01.2025;5693 8247 0056 ;02/26;American;72;43;2,0;2,5
RS00004996;;;26.01.2025;3732 1746 3750 405;08/25;JCB;12;36;4,0;2,5
RS00004997;;;26.01.2025;2131 3996 9779 932;08/31;VISA;11;16;8,0;1,0
RS00004998;;;26.01.2025;;;;64;36;4,5;1,5
RS00004999;285;VolleRose;26.01.2025;6761 1290 5168 ;08/34;VISA;52;18;4,0;2,0
RS00005000;;;26.01.2025;4563 3362 4951 6822 310;12/28;JCB;107;24;8,0;3,0
RS00005001;;;26.01.2025;;;;82;21;5,0;2,5
RS00005002;212;;26.01.2025;;;;83;47;0,8;3,0
RS00005003;;;26.01.2025;3005 8654 5568 20;09/25;Discover;89;23;0,8;0,0
RS00005004;;;26.01.2025;;;;32;30;5,0;2,0
RS00005005;;;26.01.2025;;;;39;18;0,8;3,0
RS00005006;;;26.01.2025;3007 4348 9380 19;02/35;JCB;37;2;0,5;2,0
RS00005007;294;WochenendGLück;26.01.2025;4134 7946 3897 6;12/32;Mastercard;3;9;5,0;3,0
RS00005008;41;;26.01.2025;;;;81;3;2,0;1,0
RS00005009;;;26.01.2025;3597 1413 7242 6861 ;01/31;Discover;122;4;2,0;1,5
RS00005010;309;;26.01.2025;;;;27;8;2,0;0,0
RS00005011;;;26.01.2025;;;;39;5;0,8;1,0
RS00005012;;;26.01.2025;4939 3535 4129 0;10/25;Diners;80;41;4,0;1,0
RS00005013;242;WochenendGLück;26.01.2025;3414 3907 0730 237;10/29;VISA;86;42;0,5;2,5
RS00005014;;;26.01.2025;;;;72;27;2,0;1,5
RS00005015;185;GlückAuf;26.01.2025;4696 5991 1986 9829 925;07/26;Diners;108;34;8,0;0,5
RS00005016;45;Blaetterglueck;26.01.2025;;;;78;27;2,0;0,0
RS00005017;;;26.01.2025;;;;22;31;2,0;2,5
RS00005018;318;;26.01.2025;;;;42;19;2,4;2,5
RS00005019;127;Druff1848;26.01.2025;6759 4247 4247 ;07/32;VISA;29;6;1,5;2,0
RS00005020;392;;26.01.2025;2257 4002 3773 5038 ;05/26;JCB;90;40;1,0;1,5
RS00005021;;;26.01.2025;4382 3429 8588 3582 ;01/35;VISA;44;44;4,0;0,0
RS00005022;;;26.01.2025;3560 7301 4595 7724 ;04/28;Mastercard;29;32;1,5;3,0
RS00005023;;;26.01.2025;;;;101;44;2,0;2,0
RS00005024;;;26.01.2025;;;;108;49;8,0;2,0
RS00005025;30;;26.01.2025;3585 8827 7892 7531 ;02/35;Diners;43;10;2,3;3,0
RS00005026;;;26.01.2025;;;;73;4;3,0;1,5
RS00005027;293;;26.01.2025;;;;3;1;5,0;3,0
RS00005028;;;26.01.2025;;;;101;36;2,0;2,5
RS00005029;;;26.01.2025;;;;99;26;3,8;1,0
RS00005030;;;26.01.2025;1800 8845 2646 828;02/27;Maestro;94;14;4,0;0,0
RS00005031;182;;26.01.2025;;;;56;3;7,0;1,0
RS00005032;;;26.01.2025;;;;70;1;8,0;2,5
RS00005033;305;;26.01.2025;;;;28;30;2,0;2,5
RS00005034;296;Druff1848;26.01.2025;;;;17;45;3,5;1,0
RS00005035;286;;26.01.2025;;;;19;26;2,0;1,5
RS00005036;228;;26.01.2025;3571 8695 8559 2786 ;04/34;JCB;116;6;3,0;2,0
RS00005037;;;26.01.2025;3536 9610 8273 8667 ;06/31;VISA;34;10;0,75;2,0
RS00005038;;;26.01.2025;6011 8903 4789 5607 ;09/27;VISA;43;14;2,3;1,0
RS00005039;185;GlückAuf;26.01.2025;;;;90;3;1,0;2,0
RS00005040;60;WochenendGLück;26.01.2025;4013 6822 2699 9433 ;07/31;JCB;107;33;8,0;2,5
RS00005041;409;Abendröte;26.01.2025;4841 1602 4868 3689 073;09/30;American;55;32;5,0;0,5
RS00005042;77;VolleRose;26.01.2025;;;;15;41;4,5;1,0
RS00005043;150;;26.01.2025;6011 2299 6651 1544 ;06/34;Discover;43;1;2,3;0,0
RS00005044;;;26.01.2025;;;;115;6;4,5;3,0
RS00005045;;;26.01.2025;2284 4839 3496 5675 ;02/30;Mastercard;51;31;2,0;2,0
RS00005046;;;26.01.2025;;;;22;29;2,0;2,5
RS00005047;238;;26.01.2025;6761 6215 7231 ;11/32;VISA;95;40;2,0;2,0
RS00005048;;;26.01.2025;;;;68;39;6,0;1,0
RS00005049;150;;26.01.2025;4496 9683 2173 1474 ;10/31;VISA;70;15;8,0;3,0
RS00005050;;;26.01.2025;3746 8892 0203 635;04/28;JCB;71;7;4,0;0,0
RS00005051;;;26.01.2025;;;;52;21;4,0;0,0
RS00005052;;;26.01.2025;;;;103;5;5,0;2,0
RS00005053;187;Morgenstern;26.01.2025;4228 6592 6057 7;10/33;JCB;44;7;4,0;0,0
RS00005054;127;Druff1848;26.01.2025;3591 9588 8191 2669 ;10/27;JCB;22;28;2,0;2,0
RS00005055;;;26.01.2025;3457 2850 4264 250;12/28;JCB;33;10;0,8;2,5
RS00005056;;;26.01.2025;5292 9555 1797 0480 ;04/26;JCB;96;10;8,0;1,5
RS00005057;159;GlückAuf;26.01.2025;;;;30;3;4,0;1,0
RS00005058;295;;26.01.2025;3031 0667 6561 17;11/28;JCB;92;26;2,4;0,0
RS00005059;;;26.01.2025;;;;84;31;0,75;3,0
RS00005060;340;Abendröte;26.01.2025;;;;122;8;2,0;2,5
RS00005061;32;Blaetterglueck;26.01.2025;;;;33;40;0,8;1,0
RS00005062;;;26.01.2025;;;;122;48;2,0;3,0
RS00005063;410;;26.01.2025;;;;104;16;5,0;0,0
RS00005064;;;26.01.2025;;;;60;20;0,5;3,0
RS00005065;;;26.01.2025;4202 3312 7489 7526 ;08/25;Diners;94;38;4,0;1,0
RS00005066;;;26.01.2025;;;;64;2;4,5;2,5
RS00005067;12;VolleRose;26.01.2025;;;;8;2;8,0;0,0
RS00005068;;;26.01.2025;;;;84;47;0,75;1,0
RS00005069;19;Blaetterglueck;26.01.2025;3539 3056 3862 0374 ;05/34;VISA;112;39;4,0;1,5
RS00005070;;;26.01.2025;;;;82;45;5,0;0,5
RS00005071;;;26.01.2025;;;;14;6;4,5;0,0
RS00005072;;;26.01.2025;;;;90;8;1,0;1,5
RS00005073;139;;26.01.2025;3515 6505 3313 7083 ;11/26;Maestro;12;21;4,0;1,5
RS00005074;;;26.01.2025;;;;124;2;3,0;0,0
RS00005075;;;26.01.2025;;;;103;15;5,0;1,5
RS00005076;47;WochenendGLück;26.01.2025;3597 4493 7116 8503 ;10/26;VISA;108;48;8,0;1,0
RS00005077;;;26.01.2025;2253 9983 4357 3114 ;01/26;JCB;22;26;2,0;2,5
RS00005078;;;26.01.2025;;;;62;4;4,0;3,0
RS00005079;;;26.01.2025;3738 5360 7060 622;07/27;VISA;69;12;2,0;0,0
RS00005080;;;26.01.2025;;;;39;6;0,8;0,0
RS00005081;375;Druff1848;26.01.2025;4636 9671 6382 2;08/30;JCB;95;25;2,0;0,0
RS00005082;241;;26.01.2025;2257 8132 2889 9268 ;03/26;VISA;1;21;2,0;1,5
RS00005083;333;;26.01.2025;;;;117;31;3,5;1,0
RS00005084;;;26.01.2025;;;;80;16;4,0;0,5
RS00005085;291;Morgenstern;26.01.2025;;;;65;44;4,5;1,5
RS00005086;;;26.01.2025;;;;27;38;2,0;2,5
RS00005087;95;;26.01.2025;4231 3049 5416 1945 272;07/26;American;106;27;7,0;1,5
RS00005088;;;26.01.2025;;;;112;18;4,0;2,5
RS00005089;;;26.01.2025;;;;95;27;2,0;1,0
RS00005090;;;26.01.2025;;;;10;38;0,5;0,5
RS00005091;244;Druff1848;26.01.2025;3515 1184 6503 6517 ;07/26;Discover;50;48;5,6;2,5
RS00005092;272;;26.01.2025;5338 2002 8718 7288 ;03/29;VISA;52;33;4,0;2,5
RS00005093;;;26.01.2025;;;;93;2;2,3;2,0
RS00005094;;;26.01.2025;3560 1888 2722 3883 ;07/29;Mastercard;49;46;3,8;1,5
RS00005095;;;26.01.2025;2229 7485 4585 5749 ;12/30;VISA;11;9;8,0;0,5
RS00005096;;;26.01.2025;5259 1619 5412 5024 ;02/28;VISA;105;22;5,0;2,0
RS00005097;;;26.01.2025;;;;24;44;3,0;0,0
RS00005098;284;;26.01.2025;;;;33;9;0,8;0,5
RS00005099;;;26.01.2025;4797 1272 0949 5779 ;07/33;JCB;60;47;0,5;3,0
RS00005100;;;26.01.2025;4640 4509 3499 7532 ;11/29;Mastercard;73;16;3,0;1,5
RS00005101;141;;26.01.2025;4877 9341 6942 3995 ;01/33;JCB;76;11;4,0;0,5
RS00005102;;;26.01.2025;3562 7142 3477 9221 ;03/28;Discover;69;49;2,0;3,0
RS00005103;;;26.01.2025;;;;66;49;3,0;2,0
RS00005104;;;26.01.2025;1800 2912 2631 907;04/27;Diners;96;38;8,0;2,5
RS00005105;;;26.01.2025;;;;69;48;2,0;3,0
RS00005106;318;;26.01.2025;4241 8181 7819 3278 ;06/28;VISA;79;41;1,5;2,0
RS00005107;;;26.01.2025;5730 6607 1339 ;03/28;VISA;82;11;5,0;0,5
RS00005108;;;26.01.2025;;;;95;16;2,0;1,0
RS00005109;;;26.01.2025;;;;108;9;8,0;1,0
RS00005110;;;26.01.2025;;;;9;28;3,0;0,5
RS00005111;5;Morgenstern;26.01.2025;4548 2144 1040 3;06/29;Discover;70;45;8,0;3,0
RS00005112;;;26.01.2025;;;;26;36;4,0;2,0
RS00005113;;;26.01.2025;;;;65;16;4,5;3,0
RS00005114;;;26.01.2025;2238 0569 2992 9463 ;04/28;JCB;118;28;6,0;0,0
RS00005115;;;26.01.2025;4313 6469 0607 5803 ;04/35;JCB;104;28;5,0;3,0
RS00005116;2;;26.01.2025;3558 0144 1586 3704 ;06/30;VISA;124;36;3,0;2,5
RS00005117;6;;26.01.2025;;;;96;3;8,0;0,0
RS00005118;154;;26.01.2025;;;;33;4;0,8;2,0
RS00005119;;;26.01.2025;5760 8967 2017 ;04/28;VISA;7;32;8,0;2,0
RS00005120;;;26.01.2025;4754 4968 1694 3492 ;06/32;Maestro;14;18;4,5;2,0
RS00005121;408;;26.01.2025;3045 3708 8084 85;10/34;JCB;82;25;5,0;2,5
RS00005122;;;26.01.2025;3594 2600 0934 9206 ;03/29;Discover;59;35;3,0;0,5
RS00005123;;;26.01.2025;1800 1825 0946 153;10/30;VISA;88;16;0,5;0,0
RS00005124;;;26.01.2025;3730 6429 6115 830;08/29;VISA;99;30;3,8;0,0
RS00005125;338;Abendröte;26.01.2025;5020 1503 4049 ;04/27;VISA;100;27;5,6;1,0
RS00005126;;;26.01.2025;3556 4226 4620 4972 ;02/29;JCB;36;33;0,5;0,5
RS00005127;366;;26.01.2025;3555 1150 1205 5520 ;07/29;Mastercard;39;5;0,8;2,5
RS00005128;;;26.01.2025;;;;64;47;4,5;1,0
RS00005129;;;26.01.2025;;;;88;39;0,5;1,5
RS00005130;;;26.01.2025;;;;40;7;1,0;2,0
RS00005131;;;26.01.2025;;;;53;43;5,0;2,0
RS00005132;;;26.01.2025;2131 6682 2937 571;02/30;American;19;23;2,0;2,5
RS00005133;;;26.01.2025;3524 9242 3573 1223 ;07/33;Mastercard;120;22;8,0;3,0
RS00005134;;;26.01.2025;;;;58;17;8,0;1,0
RS00005135;133;GlückAuf;26.01.2025;;;;98;21;4,5;2,5
RS00005136;;;26.01.2025;;;;97;41;9,0;3,0
RS00005137;258;;26.01.2025;;;;35;47;1,0;0,0
RS00005138;305;;26.01.2025;;;;88;46;0,5;3,0
RS00005139;;;26.01.2025;;;;81;47;2,0;2,5
RS00005140;;;26.01.2025;;;;113;5;4,5;2,5
RS00005141;195;;26.01.2025;;;;109;9;3,0;1,5
RS00005142;;;26.01.2025;3551 6442 7063 2047 ;11/32;VISA;119;41;2,0;0,0
RS00005143;392;;26.01.2025;4680 2451 4720 0877 ;10/34;Maestro;45;21;2,0;2,5
RS00005144;;;26.01.2025;;;;14;27;4,5;0,5
RS00005145;;;26.01.2025;4315 3452 9350 5415 110;09/26;VISA;123;42;3,0;1,5
RS00005146;147;;26.01.2025;;;;80;40;4,0;0,0
RS00005147;;;26.01.2025;3592 5343 6983 1223 ;10/30;JCB;65;39;4,5;2,5
RS00005148;;;26.01.2025;;;;60;28;0,5;2,5
RS00005149;396;Abendröte;26.01.2025;;;;74;30;3,0;2,5
RS00005150;;;26.01.2025;3534 4589 4137 9421 ;10/30;Diners;27;25;2,0;2,0
RS00005151;49;Druff1848;26.01.2025;6011 7303 8909 0032 ;12/33;Maestro;110;32;0,5;0,5
RS00005152;120;GlückAuf;26.01.2025;3535 5062 2316 9313 ;12/33;JCB;56;32;7,0;0,5
RS00005153;;;26.01.2025;;;;115;22;4,5;1,0
RS00005154;159;GlückAuf;26.01.2025;6011 2074 2765 8625 ;06/32;Discover;54;29;5,0;0,0
RS00005155;;;26.01.2025;;;;27;28;2,0;2,5
RS00005156;332;Druff1848;26.01.2025;;;;97;25;9,0;0,0
RS00005157;;;26.01.2025;;;;117;20;3,5;2,5
RS00005158;;;26.01.2025;6556 7475 4824 1166 ;04/27;VISA;28;48;2,0;1,0
RS00005159;;;26.01.2025;;;;109;25;3,0;2,0
RS00005160;357;Morgenstern;26.01.2025;;;;103;22;5,0;0,5
RS00005161;;;26.01.2025;;;;123;3;3,0;2,5
RS00005162;;;26.01.2025;2131 1594 1620 956;10/34;Diners;28;47;2,0;2,5
RS00005163;;;26.01.2025;5856 7198 3948 ;12/28;VISA;12;28;4,0;2,5
RS00005164;113;;26.01.2025;;;;118;40;6,0;0,5
RS00005165;;;26.01.2025;3045 6205 6333 06;04/31;VISA;69;21;2,0;3,0
RS00005166;;;26.01.2025;;;;13;11;4,5;0,5
RS00005167;125;WochenendGLück;26.01.2025;3007 5494 6078 45;09/28;Mastercard;105;10;5,0;0,5
RS00005168;;;26.01.2025;2131 9274 5079 598;10/32;VISA;107;36;8,0;1,0
RS00005169;254;;26.01.2025;;;;27;27;2,0;1,5
RS00005170;387;;26.01.2025;;;;89;11;0,8;0,5
RS00005171;;;26.01.2025;;;;65;10;4,5;1,0
RS00005172;;;26.01.2025;;;;122;3;2,0;0,0
RS00005173;;;26.01.2025;3042 4511 1027 88;07/34;Diners;124;28;3,0;0,5
RS00005174;;;26.01.2025;3553 1625 2098 9354 ;01/28;JCB;9;25;3,0;0,5
RS00005175;400;VolleRose;26.01.2025;3024 6412 9994 38;12/28;Mastercard;115;8;4,5;2,5
RS00005176;;;26.01.2025;;;;45;3;2,0;2,0
RS00005177;;;26.01.2025;;;;73;44;3,0;1,0
RS00005178;;;26.01.2025;4019 4250 7771 1307 ;04/31;VISA;16;43;3,0;1,5
RS00005179;;;26.01.2025;3517 7758 0557 2663 ;02/30;Mastercard;28;12;2,0;0,5
RS00005180;402;;26.01.2025;;;;21;2;4,0;0,0
RS00005181;;;26.01.2025;6011 3746 5238 0281 ;03/28;Discover;28;45;2,0;0,0
RS00005182;;;26.01.2025;;;;64;29;4,5;2,5
RS00005183;111;;26.01.2025;4513 1215 2456 2804 ;08/31;VISA;18;26;6,0;0,0
RS00005184;266;Blaetterglueck;26.01.2025;;;;82;34;5,0;1,0
RS00005185;237;GlückAuf;26.01.2025;3510 3352 4517 7545 ;01/33;JCB;66;30;3,0;1,5
RS00005186;150;;26.01.2025;4480 9543 8860 7318 ;08/27;VISA;54;19;5,0;1,5
RS00005187;292;Blaetterglueck;26.01.2025;;;;61;4;8,0;2,0
RS00005188;;;26.01.2025;3511 9166 6257 4378 ;10/26;JCB;21;18;4,0;1,0
RS00005189;396;Abendröte;26.01.2025;3026 5471 3462 32;09/28;VISA;40;47;1,0;2,0
RS00005190;;;26.01.2025;3719 3911 8913 128;05/32;American;2;48;4,0;2,5
RS00005191;;;26.01.2025;;;;4;22;5,0;0,5
RS00005192;;;26.01.2025;3586 7083 9952 4275 ;07/31;VISA;73;36;3,0;1,0
RS00005193;227;Blaetterglueck;26.01.2025;2131 6563 6475 273;03/26;Diners;59;16;3,0;2,5
RS00005194;;;26.01.2025;4300 0354 3015 6;07/31;VISA;114;13;4,5;1,0
RS00005195;;;26.01.2025;;;;61;24;8,0;2,5
RS00005196;358;Blaetterglueck;26.01.2025;;;;69;18;2,0;2,5
RS00005197;;;26.01.2025;;;;41;32;1,2;0,5
RS00005198;;;26.01.2025;6761 3906 8990 ;11/33;JCB;125;22;7,0;1,5
RS00005199;183;;26.01.2025;3547 6448 5607 0759 ;12/26;JCB;73;1;3,0;1,0
RS00005200;;;26.01.2025;;;;113;18;4,5;2,5
RS00005201;;;26.01.2025;3593 9988 2270 1308 ;11/32;VISA;3;46;5,0;2,0
RS00005202;402;;26.01.2025;4502 9971 3336 9;02/34;VISA;98;16;4,5;0,0
RS00005203;;;26.01.2025;;;;123;45;3,0;2,0
RS00005204;;;26.01.2025;3519 0395 9661 5639 ;07/26;VISA;44;47;4,0;0,5
RS00005205;;;26.01.2025;6011 9443 2212 7559 ;05/28;VISA;126;41;4,0;1,5
RS00005206;;;26.01.2025;;;;98;30;4,5;1,5
RS00005207;;;26.01.2025;;;;46;8;8,0;0,0
RS00005208;44;Morgenstern;26.01.2025;2131 5308 4633 502;05/30;VISA;69;22;2,0;2,0
RS00005209;;;26.01.2025;;;;90;35;1,0;2,0
RS00005210;;;26.01.2025;3695 6276 4754 57;06/32;Maestro;114;37;4,5;0,5
RS00005211;;;26.01.2025;;;;10;43;0,5;1,5
RS00005212;;;26.01.2025;;;;12;20;4,0;0,0
RS00005213;133;GlückAuf;26.01.2025;3046 9039 1428 57;09/29;VISA;114;2;4,5;2,0
RS00005214;;;26.01.2025;;;;13;13;4,5;0,5
RS00005215;;;26.01.2025;6539 5069 0838 4012 ;10/31;Diners;72;8;2,0;0,5
RS00005216;119;;26.01.2025;2243 0656 1197 7782 ;12/30;Diners;117;27;3,5;3,0
RS00005217;;;26.01.2025;;;;26;1;4,0;2,5
RS00005218;31;Morgenstern;26.01.2025;3510 6625 3110 7559 ;08/31;Diners;92;20;2,4;2,5
RS00005219;110;Blaetterglueck;26.01.2025;3023 9443 2465 15;07/30;VISA;52;42;4,0;3,0
RS00005220;;;26.01.2025;;;;75;49;7,0;0,5
RS00005221;401;;26.01.2025;;;;61;17;8,0;2,0
RS00005222;;;26.01.2025;;;;96;7;8,0;0,5
RS00005223;;;26.01.2025;4268 1298 8932 4;09/30;JCB;34;16;0,75;0,5
RS00005224;;;26.01.2025;;;;23;2;3,0;1,5
RS00005225;404;GlückAuf;26.01.2025;;;;83;15;0,8;1,0
RS00005226;;;26.01.2025;;;;68;16;6,0;2,5
RS00005227;314;Morgenstern;26.01.2025;;;;21;21;4,0;0,5
RS00005228;;;26.01.2025;;;;11;38;8,0;0,5
RS00005229;;;26.01.2025;2131 8265 7277 926;12/33;JCB;53;44;5,0;2,0
RS00005230;;;26.01.2025;;;;120;8;8,0;1,5
RS00005231;;;26.01.2025;3505 2505 7567 0950 ;03/27;Diners;103;24;5,0;3,0
RS00005232;;;26.01.2025;5766 1332 9068 ;10/32;JCB;114;49;4,5;1,5
RS00005233;;;26.01.2025;4278 2398 5384 6781 ;08/26;Discover;3;7;5,0;2,0
RS00005234;351;VolleRose;26.01.2025;;;;113;32;4,5;3,0
RS00005235;;;26.01.2025;2131 8440 6839 733;08/28;Diners;45;46;2,0;2,0
RS00005236;328;Blaetterglueck;26.01.2025;;;;24;21;3,0;2,5
RS00005237;;;26.01.2025;;;;41;3;1,2;2,0
RS00005238;365;Druff1848;26.01.2025;2265 9188 5071 1812 ;07/33;JCB;105;22;5,0;0,5
RS00005239;;;26.01.2025;;;;47;35;9,0;1,5
RS00005240;2;;26.01.2025;;;;124;24;3,0;2,0
RS00005241;;;26.01.2025;;;;124;33;3,0;0,0
RS00005242;357;Morgenstern;26.01.2025;;;;37;39;0,5;0,5
RS00005243;;;26.01.2025;;;;40;38;1,0;2,0
RS00005244;;;26.01.2025;4556 1008 2072 6831 248;11/27;JCB;8;33;8,0;1,0
RS00005245;244;Druff1848;26.01.2025;2440 5166 3762 1334 ;07/28;Discover;47;24;9,0;3,0
RS00005246;;;26.01.2025;5038 6760 5647 ;11/33;American;98;39;4,5;1,0
RS00005247;;;26.01.2025;;;;16;28;3,0;3,0
RS00005248;;;26.01.2025;;;;82;8;5,0;2,5
RS00005249;323;;26.01.2025;;;;105;6;5,0;2,0
RS00005250;;;26.01.2025;;;;53;24;5,0;2,0
RS00005251;;;26.01.2025;4487 9876 7258 1906 045;04/27;JCB;51;24;2,0;1,5
RS00005252;234;;26.01.2025;6527 5962 3149 4434 ;01/35;VISA;23;1;3,0;3,0
RS00005253;;;26.01.2025;4924 5278 6826 6799 ;10/27;JCB;62;19;4,0;2,5
RS00005254;95;;26.01.2025;4333 5792 9696 2734 ;04/26;VISA;41;47;1,2;0,5
RS00005255;373;WochenendGLück;26.01.2025;3475 6813 0027 202;04/31;Maestro;5;31;5,0;0,0
RS00005256;;;26.01.2025;;;;32;12;5,0;1,0
RS00005257;;;26.01.2025;;;;43;32;2,3;0,0
RS00005258;;;26.01.2025;;;;110;34;0,5;0,0
RS00005259;96;Morgenstern;26.01.2025;;;;32;14;5,0;1,5
RS00005260;;;26.01.2025;5870 2064 1813 ;10/25;Mastercard;66;17;3,0;0,0
RS00005261;;;26.01.2025;;;;14;14;4,5;2,5
RS00005262;331;;26.01.2025;2367 5961 8447 3429 ;05/32;VISA;101;30;2,0;2,0
RS00005263;;;26.01.2025;4537 7481 1781 7005 ;06/34;Discover;10;5;0,5;0,5
RS00005264;228;;26.01.2025;;;;3;30;5,0;3,0
RS00005265;77;VolleRose;26.01.2025;;;;118;19;6,0;2,5
RS00005266;;;26.01.2025;6761 2232 9904 ;07/27;VISA;7;20;8,0;1,5
RS00005267;133;GlückAuf;26.01.2025;;;;27;1;2,0;1,5
RS00005268;;;26.01.2025;3780 2937 4516 204;04/32;JCB;117;41;3,5;0,0
RS00005269;268;WochenendGLück;26.01.2025;;;;41;39;1,2;1,0
RS00005270;286;;26.01.2025;2288 7224 1744 0722 ;12/25;Mastercard;83;48;0,8;1,0
RS00005271;285;VolleRose;26.01.2025;;;;80;31;4,0;1,5
RS00005272;;;26.01.2025;;;;29;13;1,5;2,5
RS00005273;;;26.01.2025;;;;112;33;4,0;0,5
RS00005274;;;26.01.2025;3524 1127 9524 6671 ;06/32;VISA;19;39;2,0;0,0
RS00005275;212;;26.01.2025;;;;117;6;3,5;1,5
RS00005276;;;26.01.2025;3045 4110 6897 11;04/30;VISA;32;23;5,0;0,0
RS00005277;237;GlückAuf;26.01.2025;4917 8198 3893 0;07/27;Diners;56;19;7,0;0,5
RS00005278;219;;26.01.2025;;;;97;7;9,0;1,0
RS00005279;;;26.01.2025;5038 8511 0026 ;11/34;Maestro;67;26;3,5;3,0
RS00005280;207;VolleRose;26.01.2025;3000 3069 3792 51;04/33;Mastercard;4;36;5,0;3,0
RS00005281;;;26.01.2025;5432 8460 6861 4026 ;11/34;JCB;117;38;3,5;2,5
RS00005282;212;;26.01.2025;;;;92;4;2,4;0,5
RS00005283;;;26.01.2025;3498 7878 9975 348;03/32;Discover;19;24;2,0;2,0
RS00005284;;;26.01.2025;;;;52;41;4,0;1,5
RS00005285;;;26.01.2025;;;;85;48;1,0;1,5
RS00005286;43;;26.01.2025;;;;110;27;0,5;0,0
RS00005287;;;26.01.2025;;;;55;28;5,0;1,0
RS00005288;358;Blaetterglueck;26.01.2025;4327 1165 1276 0994 ;10/29;JCB;103;2;5,0;2,5
RS00005289;;;26.01.2025;3042 1094 9736 27;05/34;VISA;86;13;0,5;3,0
RS00005290;325;GlückAuf;26.01.2025;;;;79;21;1,5;0,0
RS00005291;;;26.01.2025;;;;39;15;0,8;2,0
RS00005292;359;;26.01.2025;;;;79;11;1,5;3,0
RS00005293;267;;26.01.2025;;;;77;18;2,0;2,0
RS00005294;;;26.01.2025;;;;55;1;5,0;0,5
RS00005295;;;26.01.2025;;;;100;4;5,6;2,5
RS00005296;;;26.01.2025;;;;112;24;4,0;2,5
RS00005297;18;Morgenstern;26.01.2025;4161 6691 7137 0462 ;02/34;Discover;85;47;1,0;0,0
RS00005298;125;WochenendGLück;26.01.2025;3426 8764 1975 603;08/28;JCB;51;46;2,0;1,0
RS00005299;;;26.01.2025;2227 4576 8786 4186 ;06/25;American;120;33;8,0;2,0
RS00005300;;;26.01.2025;;;;26;14;4,0;2,5
RS00005301;210;;26.01.2025;2720 1453 1820 3005 ;11/26;JCB;74;17;3,0;2,0
RS00005302;396;Abendröte;26.01.2025;5248 7476 6328 2561 ;05/35;VISA;117;21;3,5;3,0
RS00005303;153;Druff1848;26.01.2025;4010 7092 8866 0430 ;09/27;Maestro;71;19;4,0;0,5
RS00005304;;;26.01.2025;;;;31;13;2,0;3,0
RS00005305;;;26.01.2025;;;;83;24;0,8;2,5
RS00005306;329;;26.01.2025;;;;86;46;0,5;1,0
RS00005307;387;;26.01.2025;;;;86;16;0,5;0,5
RS00005308;;;26.01.2025;4509 5249 2186 9;01/27;JCB;73;41;3,0;0,5
RS00005309;;;26.01.2025;;;;114;33;4,5;2,0
RS00005310;;;26.01.2025;;;;99;17;3,8;0,0
RS00005311;;;26.01.2025;4980 4556 9629 1311 ;06/34;Mastercard;88;31;0,5;1,0
RS00005312;;;26.01.2025;5481 5403 8708 1989 ;05/27;VISA;75;41;7,0;2,5
RS00005313;;;26.01.2025;;;;112;44;4,0;2,5
RS00005314;;;26.01.2025;6515 6583 1783 4448 ;03/34;JCB;104;22;5,0;2,0
RS00005315;37;;26.01.2025;;;;97;31;9,0;3,0
RS00005316;;;26.01.2025;;;;49;4;3,8;0,0
RS00005317;61;;26.01.2025;4594 3795 6608 4;07/26;Discover;15;30;4,5;0,0
RS00005318;;;26.01.2025;3484 8926 0792 466;04/34;VISA;47;19;9,0;2,0
RS00005319;;;26.01.2025;;;;58;2;8,0;0,0
RS00005320;;;26.01.2025;4386 0876 7697 0604 ;05/26;Maestro;98;17;4,5;3,0
RS00005321;;;26.01.2025;;;;126;11;4,0;2,0
RS00005322;;;26.01.2025;4994 8665 0751 8763 ;12/27;Diners;37;31;0,5;2,0
RS00005323;;;26.01.2025;1800 3118 3812 400;11/25;Discover;66;23;3,0;0,5
RS00005324;;;26.01.2025;0604 4946 8648 ;02/26;VISA;99;42;3,8;0,5
RS00005325;92;;26.01.2025;6011 5550 7205 6192 ;01/26;JCB;49;42;3,8;3,0
RS00005326;150;;26.01.2025;;;;59;27;3,0;1,5
RS00005327;;;26.01.2025;;;;51;24;2,0;1,5
RS00005328;;;26.01.2025;;;;24;5;3,0;0,0
RS00005329;;;26.01.2025;5203 8178 7270 2858 ;08/34;VISA;89;43;0,8;2,5
RS00005330;;;26.01.2025;3528 8362 2879 2473 ;07/34;Mastercard;60;23;0,5;2,5
RS00005331;;;26.01.2025;3535 2804 2197 9242 ;05/33;JCB;84;46;0,75;1,0
RS00005332;;;26.01.2025;;;;85;44;1,0;0,5
RS00005333;;;26.01.2025;4976 6458 1375 7749 308;12/32;VISA;117;35;3,5;3,0
RS00005334;;;26.01.2025;3747 3859 8282 039;04/32;American;65;3;4,5;1,5
RS00005335;25;VolleRose;26.01.2025;;;;94;24;4,0;0,5
RS00005336;;;26.01.2025;3037 1434 3836 33;09/32;VISA;98;28;4,5;3,0
RS00005337;;;26.01.2025;4801 4692 4696 8549 ;02/33;VISA;56;46;7,0;1,5
RS00005338;;;26.01.2025;4413 9286 9325 3515 ;05/27;VISA;67;23;3,5;0,0
RS00005339;139;;26.01.2025;;;;39;12;0,8;1,0
RS00005340;;;26.01.2025;3428 8883 6317 649;12/27;VISA;16;3;3,0;0,0
RS00005341;;;26.01.2025;3540 1541 9452 8788 ;07/28;JCB;96;36;8,0;0,0
RS00005342;337;;26.01.2025;;;;76;44;4,0;0,5
RS00005343;6;;26.01.2025;4510 3446 0277 2800 969;09/27;Diners;38;15;0,5;1,5
RS00005344;193;;26.01.2025;;;;77;17;2,0;2,0
RS00005345;;;26.01.2025;6577 6508 3818 8532 ;05/32;Discover;7;10;8,0;2,5
RS00005346;;;26.01.2025;4388 3680 5380 3511 ;11/29;Discover;41;39;1,2;2,0
RS00005347;86;WochenendGLück;26.01.2025;;;;12;14;4,0;2,0
RS00005348;;;26.01.2025;;;;119;34;2,0;3,0
RS00005349;;;26.01.2025;3596 0810 5653 6315 ;11/30;VISA;19;27;2,0;1,5
RS00005350;20;;26.01.2025;3015 1216 1092 36;11/29;JCB;33;33;0,8;1,0
RS00005351;;;26.01.2025;3466 1738 9496 021;04/30;JCB;111;45;8,0;2,0
RS00005352;372;;26.01.2025;;;;16;23;3,0;2,5
RS00005353;;;26.01.2025;4199 7420 8702 4964 ;01/26;Diners;44;12;4,0;1,0
RS00005354;;;26.01.2025;;;;44;26;4,0;3,0
RS00005355;;;26.01.2025;;;;51;45;2,0;2,0
RS00005356;;;26.01.2025;;;;100;21;5,6;2,0
RS00005357;13;;26.01.2025;3027 7999 9757 23;08/34;JCB;46;19;8,0;0,0
RS00005358;;;26.01.2025;;;;119;13;2,0;2,5
RS00005359;377;VolleRose;26.01.2025;;;;40;44;1,0;0,5
RS00005360;;;26.01.2025;;;;118;3;6,0;1,5
RS00005361;;;26.01.2025;;;;70;6;8,0;3,0
RS00005362;;;26.01.2025;;;;122;8;2,0;1,0
RS00005363;237;GlückAuf;26.01.2025;3467 4596 0194 671;01/28;JCB;63;21;4,5;2,5
RS00005364;62;Druff1848;26.01.2025;4649 9867 8009 7442 284;05/28;VISA;56;3;7,0;1,5
RS00005365;;;26.01.2025;4955 1964 4746 6627 ;06/32;American;89;3;0,8;2,0
RS00005366;;;26.01.2025;;;;73;40;3,0;3,0
RS00005367;;;26.01.2025;;;;89;14;0,8;0,0
RS00005368;;;26.01.2025;;;;66;19;3,0;3,0
RS00005369;;;26.01.2025;;;;20;10;8,0;1,0
RS00005370;;;26.01.2025;;;;34;13;0,75;2,0
RS00005371;;;26.01.2025;;;;61;30;8,0;1,5
RS00005372;;;26.01.2025;;;;35;8;1,0;1,0
RS00005373;84;Blaetterglueck;26.01.2025;;;;104;44;5,0;1,0
RS00005374;80;;26.01.2025;3439 8902 3763 469;07/32;JCB;92;18;2,4;0,5
RS00005375;;;26.01.2025;;;;37;47;0,5;1,0
RS00005376;;;26.01.2025;2463 8929 8637 9341 ;04/31;JCB;88;42;0,5;0,5
RS00005377;;;26.01.2025;5576 5835 3099 2757 ;01/30;VISA;97;12;9,0;0,0
RS00005378;;;26.01.2025;;;;82;30;5,0;2,0
RS00005379;330;WochenendGLück;26.01.2025;;;;53;46;5,0;3,0
RS00005380;;;26.01.2025;;;;106;26;7,0;1,5
RS00005381;398;Druff1848;26.01.2025;1800 2261 4791 255;01/28;VISA;66;32;3,0;2,0
RS00005382;168;VolleRose;26.01.2025;3565 6315 5319 3403 ;01/27;JCB;69;4;2,0;3,0
RS00005383;309;;26.01.2025;;;;74;14;3,0;0,5
RS00005384;;;26.01.2025;;;;15;37;4,5;2,5
RS00005385;;;26.01.2025;;;;25;36;7,0;1,0
RS00005386;;;26.01.2025;6011 1170 5662 4725 ;05/32;JCB;115;48;4,5;0,5
RS00005387;194;VolleRose;26.01.2025;6762 4274 9874 ;01/31;VISA;118;17;6,0;0,5
RS00005388;;;26.01.2025;6011 1641 1268 9508 ;08/32;Discover;44;13;4,0;2,0
RS00005389;;;26.01.2025;;;;31;19;2,0;2,0
RS00005390;376;;26.01.2025;;;;112;2;4,0;1,0
RS00005391;;;26.01.2025;;;;117;6;3,5;3,0
RS00005392;;;26.01.2025;;;;104;24;5,0;0,5
RS00005393;;;26.01.2025;;;;32;14;5,0;1,5
RS00005394;236;;26.01.2025;3502 7967 0025 7363 ;09/32;Diners;60;46;0,5;1,5
RS00005395;;;26.01.2025;6011 1039 7926 3239 ;10/25;American;115;40;4,5;0,0
RS00005396;;;26.01.2025;3577 0264 4227 5667 ;05/31;VISA;42;47;2,4;3,0
RS00005397;;;26.01.2025;;;;79;2;1,5;0,5
RS00005398;;;26.01.2025;;;;27;10;2,0;1,5
RS00005399;;;26.01.2025;5622 4637 7724 ;12/34;VISA;112;49;4,0;2,0
RS00005400;;;26.01.2025;;;;100;21;5,6;1,5
RS00005401;;;26.01.2025;;;;66;14;3,0;0,5
RS00005402;;;26.01.2025;;;;11;16;8,0;1,0
RS00005403;;;26.01.2025;2131 9912 5829 104;09/30;JCB;109;33;3,0;1,0
RS00005404;;;26.01.2025;;;;82;25;5,0;0,5
RS00005405;172;GlückAuf;26.01.2025;;;;124;49;3,0;0,5
RS00005406;83;Morgenstern;26.01.2025;4970 1830 2034 8183 ;06/33;JCB;99;13;3,8;2,5
RS00005407;;;26.01.2025;4862 5205 1149 3;11/28;VISA;104;41;5,0;3,0
RS00005408;;;26.01.2025;;;;38;35;0,5;2,0
RS00005409;;;26.01.2025;4325 5497 6114 5735 ;11/26;JCB;119;33;2,0;0,0
RS00005410;244;Druff1848;26.01.2025;;;;62;47;4,0;2,5
RS00005411;;;26.01.2025;6761 5614 3445 ;05/32;American;121;17;4,0;3,0
RS00005412;;;26.01.2025;;;;57;34;8,0;0,0
RS00005413;212;;26.01.2025;4895 8774 6375 9614 ;12/34;VISA;33;15;0,8;3,0
RS00005414;;;26.01.2025;3056 7678 8552 32;05/28;VISA;45;9;2,0;2,5
RS00005415;;;26.01.2025;;;;73;28;3,0;2,5
RS00005416;;;26.01.2025;4835 8179 4153 5528 ;06/26;JCB;64;16;4,5;2,5
RS00005417;381;GlückAuf;26.01.2025;;;;29;37;1,5;3,0
RS00005418;;;26.01.2025;3595 9371 4662 4646 ;11/33;VISA;104;3;5,0;0,5
RS00005419;;;26.01.2025;;;;107;38;8,0;3,0
RS00005420;;;26.01.2025;;;;77;22;2,0;1,5
RS00005421;276;GlückAuf;26.01.2025;;;;105;4;5,0;0,0
RS00005422;189;;26.01.2025;;;;32;47;5,0;1,5
RS00005423;196;;26.01.2025;3049 6828 4160 93;07/26;VISA;102;30;4,0;0,0
RS00005424;;;26.01.2025;3475 8947 6247 832;02/27;VISA;12;35;4,0;2,5
RS00005425;;;26.01.2025;;;;126;31;4,0;3,0
RS00005426;;;26.01.2025;3839 4246 1993 12;12/33;JCB;6;1;7,0;3,0
RS00005427;;;26.01.2025;;;;20;40;8,0;1,0
RS00005428;;;26.01.2025;;;;101;14;2,0;1,5
RS00005429;189;;26.01.2025;6304 1941 8219 ;11/34;JCB;24;18;3,0;3,0
RS00005430;267;;26.01.2025;;;;83;43;0,8;1,5
RS00005431;;;26.01.2025;4477 2955 7424 2717 ;06/27;VISA;40;18;1,0;2,5
RS00005432;342;;26.01.2025;;;;5;28;5,0;0,5
RS00005433;;;26.01.2025;;;;22;8;2,0;2,0
RS00005434;;;26.01.2025;3546 6825 5016 3422 ;12/33;Discover;103;2;5,0;2,0
RS00005435;160;;26.01.2025;5018 1380 9818 ;09/33;VISA;28;9;2,0;2,5
RS00005436;4;;26.01.2025;;;;83;43;0,8;1,5
RS00005437;;;26.01.2025;3540 6718 7268 0532 ;11/33;JCB;122;16;2,0;1,0
RS00005438;217;;26.01.2025;;;;19;17;2,0;1,0
RS00005439;158;;26.01.2025;;;;22;29;2,0;1,5
RS00005440;;;26.01.2025;3528 6039 4595 1539 ;03/34;VISA;93;4;2,3;1,0
RS00005441;;;26.01.2025;;;;72;34;2,0;0,0
RS00005442;;;26.01.2025;3504 4617 0065 2489 ;08/25;VISA;42;13;2,4;1,5
RS00005443;;;26.01.2025;;;;110;11;0,5;0,0
RS00005444;;;26.01.2025;;;;85;20;1,0;3,0
RS00005445;;;26.01.2025;;;;89;44;0,8;2,5
RS00005446;;;26.01.2025;;;;38;5;0,5;0,5
RS00005447;;;26.01.2025;;;;20;17;8,0;2,0
RS00005448;141;;26.01.2025;;;;51;6;2,0;1,5
RS00005449;;;26.01.2025;;;;42;42;2,4;2,0
RS00005450;;;26.01.2025;;;;72;48;2,0;2,5
RS00005451;;;26.01.2025;;;;88;34;0,5;2,0
RS00005452;312;GlückAuf;26.01.2025;3555 2392 3094 5765 ;08/30;Maestro;30;2;4,0;0,5
RS00005453;;;26.01.2025;;;;118;22;6,0;0,0
RS00005454;;;26.01.2025;5038 2210 0957 ;06/34;Discover;15;3;4,5;1,0
RS00005455;373;WochenendGLück;26.01.2025;;;;105;38;5,0;0,5
RS00005456;;;26.01.2025;;;;83;4;0,8;1,5
RS00005457;;;26.01.2025;;;;1;17;2,0;1,5
RS00005458;;;26.01.2025;;;;61;16;8,0;1,5
RS00005459;78;;26.01.2025;;;;85;9;1,0;3,0
RS00005460;;;26.01.2025;;;;108;49;8,0;0,0
RS00005461;140;Druff1848;26.01.2025;3047 3008 9068 96;01/33;VISA;51;26;2,0;1,5
RS00005462;;;26.01.2025;;;;117;32;3,5;1,5
RS00005463;376;;26.01.2025;;;;47;6;9,0;2,5
RS00005464;;;26.01.2025;4271 4680 9536 2;01/26;JCB;77;13;2,0;0,0
RS00005465;;;26.01.2025;;;;32;37;5,0;3,0
RS00005466;;;26.01.2025;3012 7074 9760 56;07/30;VISA;77;24;2,0;2,0
RS00005467;355;GlückAuf;26.01.2025;;;;29;34;1,5;3,0
RS00005468;;;26.01.2025;;;;118;7;6,0;0,5
RS00005469;;;26.01.2025;;;;113;2;4,5;2,0
RS00005470;59;;26.01.2025;;;;8;16;8,0;1,5
RS00005471;72;;26.01.2025;4109 7910 9485 0902 ;11/33;JCB;90;39;1,0;0,5
RS00005472;;;26.01.2025;3577 7548 2510 2840 ;10/25;Maestro;116;43;3,0;0,0
RS00005473;184;;26.01.2025;;;;64;42;4,5;2,5
RS00005474;;;26.01.2025;3758 4144 5432 291;10/26;VISA;39;19;0,8;0,5
RS00005475;;;26.01.2025;4038 9911 2339 0302 ;10/26;Mastercard;45;26;2,0;3,0
RS00005476;;;26.01.2025;4050 8610 4314 9083 ;12/25;VISA;35;11;1,0;1,0
RS00005477;133;GlückAuf;26.01.2025;2248 9577 5593 7181 ;07/26;VISA;104;40;5,0;2,5
RS00005478;;;26.01.2025;4821 9821 3496 0036 ;08/33;Diners;52;20;4,0;3,0
RS00005479;295;;26.01.2025;;;;78;12;2,0;2,0
RS00005480;;;26.01.2025;3518 4456 3730 4524 ;12/30;VISA;11;30;8,0;2,0
RS00005481;18;Morgenstern;26.01.2025;;;;79;12;1,5;1,0
RS00005482;209;;26.01.2025;3754 7604 7865 604;09/28;JCB;99;22;3,8;0,0
RS00005483;191;;26.01.2025;6550 6800 4521 8815 ;05/31;JCB;5;1;5,0;0,0
RS00005484;;;26.01.2025;;;;53;34;5,0;1,5
RS00005485;364;;26.01.2025;4149 6273 3581 9660 071;11/26;American;73;16;3,0;2,0
RS00005486;280;;26.01.2025;6011 5531 9370 3750 ;03/33;Mastercard;118;35;6,0;3,0
RS00005487;;;26.01.2025;;;;48;7;4,5;2,5
RS00005488;;;26.01.2025;;;;72;45;2,0;2,5
RS00005489;121;;26.01.2025;;;;70;6;8,0;2,5
RS00005490;;;26.01.2025;1800 1619 8408 419;09/31;JCB;38;8;0,5;2,0
RS00005491;;;26.01.2025;;;;78;40;2,0;0,0
RS00005492;;;26.01.2025;;;;59;36;3,0;0,0
RS00005493;;;26.01.2025;3504 0783 6616 5604 ;07/27;JCB;17;49;3,5;3,0
RS00005494;;;26.01.2025;;;;8;22;8,0;1,0
RS00005495;;;26.01.2025;3011 7093 7268 63;09/29;VISA;49;11;3,8;3,0
RS00005496;;;26.01.2025;4752 9973 6009 9385 ;01/29;Diners;87;10;0,5;2,0
RS00005497;401;;26.01.2025;;;;122;33;2,0;0,5
RS00005498;18;Morgenstern;26.01.2025;3707 8198 5193 637;02/28;VISA;4;31;5,0;3,0
RS00005499;;;26.01.2025;2264 6247 1461 8349 ;01/26;VISA;28;21;2,0;0,5
RS00005500;156;;26.01.2025;6761 4311 1588 ;10/33;Discover;22;5;2,0;2,5
RS00005501;;;26.01.2025;;;;28;44;2,0;2,0
RS00005502;;;26.01.2025;2131 1021 9313 376;03/31;Discover;39;49;0,8;0,5
RS00005503;;;26.01.2025;1800 4547 1549 045;03/26;JCB;94;40;4,0;1,5
RS00005504;;;26.01.2025;;;;109;7;3,0;0,0
RS00005505;213;Morgenstern;26.01.2025;3528 2110 6092 0949 ;11/29;American;71;17;4,0;0,0
RS00005506;;;26.01.2025;4319 8861 2514 5;04/34;Mastercard;81;33;2,0;1,5
RS00005507;275;;26.01.2025;;;;30;44;4,0;1,0
RS00005508;;;26.01.2025;;;;20;38;8,0;0,0
RS00005509;;;26.01.2025;4419 4509 6553 9934 379;09/33;Mastercard;100;44;5,6;1,0
RS00005510;;;26.01.2025;3724 3509 2630 159;05/32;Diners;83;43;0,8;1,5
RS00005511;339;;26.01.2025;;;;40;33;1,0;0,5
RS00005512;213;Morgenstern;26.01.2025;;;;91;41;1,2;0,5
RS00005513;;;26.01.2025;;;;52;16;4,0;0,5
RS00005514;;;26.01.2025;;;;63;24;4,5;0,5
RS00005515;208;;26.01.2025;;;;119;38;2,0;1,5
RS00005516;;;26.01.2025;;;;88;16;0,5;0,5
RS00005517;;;26.01.2025;3596 1473 5309 6525 ;04/34;Mastercard;20;45;8,0;0,5
RS00005518;24;;26.01.2025;4848 5543 3294 5942 ;02/26;Maestro;100;20;5,6;1,5
RS00005519;160;;26.01.2025;3483 9789 8439 840;02/35;VISA;105;20;5,0;1,5
RS00005520;;;26.01.2025;1800 6948 7626 084;01/30;VISA;71;14;4,0;2,5
RS00005521;;;26.01.2025;;;;8;41;8,0;1,0
RS00005522;242;WochenendGLück;26.01.2025;2700 9090 4029 0554 ;05/28;Diners;24;40;3,0;2,0
RS00005523;;;26.01.2025;;;;70;11;8,0;0,5
RS00005524;;;26.01.2025;;;;7;7;8,0;1,5
RS00005525;;;26.01.2025;6011 4354 1935 6102 ;10/27;Mastercard;4;4;5,0;2,0
RS00005526;206;;26.01.2025;;;;78;48;2,0;2,0
RS00005527;;;26.01.2025;3026 1840 9501 01;02/26;JCB;99;32;3,8;1,5
RS00005528;396;Abendröte;26.01.2025;5038 9063 4325 ;05/31;JCB;90;2;1,0;0,5
RS00005529;304;Abendröte;26.01.2025;;;;38;9;0,5;0,0
RS00005530;331;;26.01.2025;4211 1489 5521 0450 448;01/31;American;29;15;1,5;3,0
RS00005531;;;26.01.2025;;;;22;21;2,0;0,0
RS00005532;379;;26.01.2025;4222 6536 8929 5;02/27;Mastercard;24;21;3,0;0,0
RS00005533;;;26.01.2025;4762 7351 8868 9421 143;05/30;VISA;70;13;8,0;0,5
RS00005534;;;26.01.2025;3534 0400 7239 3221 ;12/32;JCB;78;10;2,0;1,0
RS00005535;132;;26.01.2025;3585 2557 4571 7402 ;06/25;VISA;10;32;0,5;1,0
RS00005536;;;26.01.2025;6759 2569 0744 ;10/29;VISA;51;15;2,0;0,5
RS00005537;;;26.01.2025;;;;33;45;0,8;2,0
RS00005538;328;Blaetterglueck;26.01.2025;3011 2189 2750 73;05/35;Maestro;59;47;3,0;2,5
RS00005539;;;26.01.2025;4388 6741 2226 7729 285;10/29;Diners;55;24;5,0;0,5
RS00005540;177;WochenendGLück;26.01.2025;;;;35;14;1,0;3,0
RS00005541;23;Druff1848;26.01.2025;;;;30;31;4,0;0,0
RS00005542;207;VolleRose;26.01.2025;;;;30;31;4,0;0,0
RS00005543;;;26.01.2025;;;;115;25;4,5;0,5
RS00005544;;;26.01.2025;;;;107;46;8,0;2,0
RS00005545;;;26.01.2025;4154 6412 8890 2841 ;12/31;JCB;73;39;3,0;2,5
RS00005546;;;26.01.2025;;;;14;24;4,5;1,5
RS00005547;189;;26.01.2025;;;;88;24;0,5;3,0
RS00005548;273;Druff1848;26.01.2025;;;;86;30;0,5;0,5
RS00005549;;;26.01.2025;4595 5410 5957 2137 ;07/34;VISA;81;7;2,0;2,0
RS00005550;53;;26.01.2025;2131 3987 4429 649;12/25;JCB;18;39;6,0;1,5
RS00005551;;;26.01.2025;6011 3642 8152 3963 ;08/32;JCB;45;20;2,0;0,0
RS00005552;;;26.01.2025;;;;77;14;2,0;1,0
RS00005553;;;26.01.2025;;;;2;4;4,0;1,0
RS00005554;;;26.01.2025;;;;49;19;3,8;0,0
RS00005555;14;;26.01.2025;3001 1380 0849 48;02/26;Mastercard;12;47;4,0;2,5
RS00005556;;;26.01.2025;;;;123;38;3,0;1,0
RS00005557;74;;26.01.2025;3004 9975 4881 40;03/31;American;82;43;5,0;1,0
RS00005558;;;26.01.2025;4820 1702 5611 4436 644;02/35;JCB;84;3;0,75;0,0
RS00005559;;;26.01.2025;5547 1668 2253 5348 ;04/32;Maestro;103;17;5,0;1,0
RS00005560;;;26.01.2025;;;;46;28;8,0;0,0
RS00005561;;;26.01.2025;;;;64;17;4,5;0,0
RS00005562;301;Morgenstern;26.01.2025;3572 4249 5527 3895 ;09/26;JCB;53;27;5,0;2,0
RS00005563;;;26.01.2025;3025 0404 1613 38;11/28;VISA;111;45;8,0;3,0
RS00005564;6;;26.01.2025;;;;12;16;4,0;2,5
RS00005565;;;26.01.2025;4019 0218 3340 5537 312;09/28;VISA;113;7;4,5;3,0
RS00005566;89;;26.01.2025;6538 7072 8198 5851 ;07/27;Maestro;114;40;4,5;1,0
RS00005567;;;26.01.2025;;;;42;7;2,4;3,0
RS00005568;;;26.01.2025;3522 0196 0837 1145 ;08/32;JCB;100;24;5,6;3,0
RS00005569;165;;26.01.2025;3511 6689 1895 4850 ;04/30;VISA;80;45;4,0;1,0
RS00005570;212;;26.01.2025;;;;118;20;6,0;0,0
RS00005571;;;26.01.2025;3468 9081 1745 857;06/28;VISA;89;25;0,8;2,5
RS00005572;;;26.01.2025;;;;124;42;3,0;2,0
RS00005573;;;26.01.2025;4773 3617 7979 4;01/34;JCB;50;16;5,6;1,5
RS00005574;;;26.01.2025;;;;59;29;3,0;0,0
RS00005575;338;Abendröte;26.01.2025;;;;65;6;4,5;0,0
RS00005576;308;VolleRose;26.01.2025;2131 2180 4191 291;12/32;VISA;60;49;0,5;2,0
RS00005577;181;VolleRose;26.01.2025;3007 4065 6155 35;04/29;VISA;42;25;2,4;0,5
RS00005578;88;Druff1848;26.01.2025;;;;6;45;7,0;0,5
RS00005579;;;26.01.2025;;;;48;32;4,5;0,0
RS00005580;371;Blaetterglueck;26.01.2025;3783 7236 8899 602;04/27;Discover;23;5;3,0;2,5
RS00005581;321;VolleRose;26.01.2025;;;;5;17;5,0;1,5
RS00005582;;;26.01.2025;;;;114;33;4,5;3,0
RS00005583;26;;26.01.2025;3054 5395 5570 26;07/31;JCB;8;35;8,0;0,0
RS00005584;;;26.01.2025;;;;69;44;2,0;2,5
RS00005585;318;;26.01.2025;6011 3000 9063 1092 ;05/28;VISA;75;38;7,0;2,0
RS00005586;;;26.01.2025;6011 3694 6852 5764 ;02/33;American;2;32;4,0;0,0
RS00005587;;;26.01.2025;;;;106;16;7,0;2,5
RS00005588;;;26.01.2025;;;;16;20;3,0;2,0
RS00005589;369;;26.01.2025;4782 1600 4070 2964 439;05/34;VISA;10;5;0,5;1,0
RS00005590;183;;26.01.2025;3037 1199 4403 70;06/32;VISA;8;15;8,0;3,0
RS00005591;;;26.01.2025;;;;9;13;3,0;2,0
RS00005592;182;;26.01.2025;;;;24;8;3,0;1,5
RS00005593;;;26.01.2025;;;;45;34;2,0;1,0
RS00005594;;;26.01.2025;3041 2021 9112 85;05/35;Diners;83;18;0,8;0,0
RS00005595;;;26.01.2025;;;;62;2;4,0;2,5
RS00005596;;;26.01.2025;;;;119;18;2,0;0,5
RS00005597;387;;26.01.2025;2452 9410 2256 8921 ;07/33;VISA;64;26;4,5;0,5
RS00005598;2;;26.01.2025;4976 6948 4376 6563 259;08/25;VISA;17;38;3,5;1,0
RS00005599;274;;26.01.2025;4409 0337 6555 0447 ;11/29;American;85;6;1,0;2,0
RS00005600;;;26.01.2025;;;;92;18;2,4;0,5
RS00005601;;;26.01.2025;;;;123;37;3,0;1,5
RS00005602;;;26.01.2025;6011 3133 1111 7528 ;12/27;American;73;6;3,0;3,0
RS00005603;;;26.01.2025;3542 2312 3920 8291 ;12/27;Discover;61;1;8,0;2,0
RS00005604;250;GlückAuf;26.01.2025;5863 9229 3476 ;12/34;JCB;22;21;2,0;1,5
RS00005605;39;;26.01.2025;;;;41;22;1,2;1,0
RS00005606;;;26.01.2025;;;;38;12;0,5;2,5
RS00005607;89;;26.01.2025;3740 5346 4897 047;06/30;American;61;41;8,0;0,0
RS00005608;;;26.01.2025;;;;88;16;0,5;1,5
RS00005609;240;Blaetterglueck;26.01.2025;4547 7109 9972 7182 115;12/31;JCB;13;2;4,5;2,5
RS00005610;;;26.01.2025;;;;59;45;3,0;1,5
RS00005611;368;GlückAuf;26.01.2025;;;;59;15;3,0;1,0
RS00005612;275;;26.01.2025;;;;117;6;3,5;1,0
RS00005613;;;26.01.2025;;;;31;1;2,0;0,0
RS00005614;;;26.01.2025;5456 5171 4136 1767 ;01/33;Maestro;49;34;3,8;1,0
RS00005615;371;Blaetterglueck;26.01.2025;;;;74;18;3,0;0,0
RS00005616;;;26.01.2025;;;;24;36;3,0;0,5
RS00005617;;;26.01.2025;;;;113;33;4,5;1,0
RS00005618;;;26.01.2025;;;;5;49;5,0;1,0
RS00005619;;;26.01.2025;;;;66;21;3,0;3,0
RS00005620;;;26.01.2025;;;;38;26;0,5;1,0
RS00005621;98;;26.01.2025;4177 4080 2038 6151 ;11/27;Mastercard;121;44;4,0;1,0
RS00005622;292;Blaetterglueck;26.01.2025;;;;5;16;5,0;1,5
RS00005623;351;VolleRose;26.01.2025;;;;39;32;0,8;2,0
RS00005624;;;26.01.2025;;;;88;42;0,5;0,0
RS00005625;;;26.01.2025;2720 2693 8551 8598 ;08/30;Diners;2;19;4,0;0,5
RS00005626;;;26.01.2025;3052 9635 6390 18;04/30;Mastercard;49;31;3,8;1,0
RS00005627;151;WochenendGLück;26.01.2025;4351 2291 1792 7;07/25;VISA;126;4;4,0;0,0
RS00005628;207;VolleRose;26.01.2025;3014 1570 5169 10;08/31;American;88;45;0,5;2,5
RS00005629;;;26.01.2025;;;;110;36;0,5;1,5
RS00005630;372;;26.01.2025;;;;107;41;8,0;1,0
RS00005631;;;26.01.2025;;;;73;28;3,0;2,0
RS00005632;;;26.01.2025;;;;80;36;4,0;2,5
RS00005633;;;26.01.2025;;;;64;14;4,5;2,0
RS00005634;196;;26.01.2025;6521 7688 3248 1930 ;06/25;VISA;23;7;3,0;2,0
RS00005635;375;Druff1848;26.01.2025;;;;91;12;1,2;0,5
RS00005636;;;26.01.2025;4532 7407 8084 5764 ;07/30;Maestro;87;9;0,5;3,0
RS00005637;191;;26.01.2025;;;;126;13;4,0;1,0
RS00005638;;;26.01.2025;;;;38;49;0,5;1,5
RS00005639;;;26.01.2025;4527 0838 7504 5;02/31;VISA;116;40;3,0;2,0
RS00005640;;;26.01.2025;4817 2759 4778 9866 ;08/30;VISA;9;22;3,0;2,5
RS00005641;67;;26.01.2025;;;;10;15;0,5;0,0
RS00005642;317;Abendröte;26.01.2025;;;;18;10;6,0;2,5
RS00005643;96;Morgenstern;26.01.2025;;;;120;5;8,0;0,5
RS00005644;;;26.01.2025;;;;3;21;5,0;1,5
RS00005645;268;WochenendGLück;26.01.2025;;;;61;8;8,0;1,5
RS00005646;;;26.01.2025;5747 0999 0661 ;11/33;VISA;48;12;4,5;2,5
RS00005647;165;;26.01.2025;;;;43;41;2,3;3,0
RS00005648;;;26.01.2025;;;;4;2;5,0;0,5
RS00005649;;;26.01.2025;;;;35;42;1,0;2,5
RS00005650;369;;26.01.2025;3596 6862 1801 1773 ;04/34;Mastercard;67;10;3,5;1,5
RS00005651;;;26.01.2025;;;;25;25;7,0;2,0
RS00005652;;;26.01.2025;;;;118;38;6,0;3,0
RS00005653;;;26.01.2025;4208 2149 5407 0;05/30;Maestro;59;32;3,0;0,0
RS00005654;;;26.01.2025;;;;26;22;4,0;0,5
RS00005655;;;26.01.2025;;;;105;42;5,0;1,5
RS00005656;;;26.01.2025;4776 6109 6768 0258 343;05/29;Mastercard;109;1;3,0;0,0
RS00005657;259;VolleRose;26.01.2025;4850 6803 8044 7266 229;01/26;VISA;103;1;5,0;1,0
RS00005658;;;26.01.2025;4754 5315 6664 3754 845;09/31;VISA;113;36;4,5;1,0
RS00005659;;;26.01.2025;;;;15;32;4,5;0,0
RS00005660;;;26.01.2025;;;;29;33;1,5;2,0
RS00005661;;;26.01.2025;;;;30;21;4,0;2,5
RS00005662;;;26.01.2025;;;;72;32;2,0;2,5
RS00005663;21;WochenendGLück;26.01.2025;4501 0058 4854 9558 476;11/32;Diners;22;33;2,0;0,5
RS00005664;181;VolleRose;26.01.2025;;;;37;44;0,5;1,0
RS00005665;;;26.01.2025;;;;102;37;4,0;0,0
RS00005666;;;26.01.2025;;;;51;27;2,0;3,0
RS00005667;354;;26.01.2025;5038 3916 2081 ;03/31;VISA;77;1;2,0;1,5
RS00005668;;;26.01.2025;;;;104;47;5,0;1,5
RS00005669;;;26.01.2025;3575 3333 5268 2805 ;03/34;JCB;113;19;4,5;0,5
RS00005670;;;26.01.2025;4611 5010 7858 8;08/29;Maestro;11;2;8,0;0,5
RS00005671;;;26.01.2025;4738 0959 6379 4509 ;02/32;VISA;78;15;2,0;2,0
RS00005672;;;26.01.2025;3430 2023 3513 690;10/33;Mastercard;13;32;4,5;1,5
RS00005673;;;26.01.2025;6011 2575 6803 4953 ;11/33;Maestro;112;10;4,0;2,5
RS00005674;161;Morgenstern;26.01.2025;;;;36;20;0,5;2,5
RS00005675;;;26.01.2025;;;;104;8;5,0;3,0
RS00005676;;;26.01.2025;;;;56;37;7,0;3,0
RS00005677;315;Blaetterglueck;26.01.2025;6011 1873 8435 6811 ;06/31;VISA;2;35;4,0;0,0
RS00005678;;;26.01.2025;;;;84;21;0,75;1,5
RS00005679;;;26.01.2025;;;;119;12;2,0;3,0
RS00005680;;;26.01.2025;;;;116;30;3,0;0,0
RS00005681;;;26.01.2025;;;;79;22;1,5;2,0
RS00005682;;;26.01.2025;3503 2779 4815 9579 ;04/29;VISA;47;42;9,0;3,0
RS00005683;;;26.01.2025;;;;126;26;4,0;0,5
RS00005684;;;26.01.2025;4619 2811 0054 8;03/30;JCB;54;21;5,0;2,5
RS00005685;;;26.01.2025;4574 1332 4671 7455 ;04/31;JCB;7;37;8,0;2,0
RS00005686;386;WochenendGLück;26.01.2025;4850 5320 1138 6658 ;12/31;JCB;40;29;1,0;1,0
RS00005687;;;26.01.2025;2358 9649 0475 5528 ;01/33;Discover;20;8;8,0;1,0
RS00005688;87;;26.01.2025;;;;100;1;5,6;0,0
RS00005689;;;26.01.2025;;;;104;33;5,0;1,0
RS00005690;157;;26.01.2025;;;;119;45;2,0;1,0
RS00005691;44;Morgenstern;26.01.2025;;;;71;40;4,0;2,5
RS00005692;;;26.01.2025;4488 5937 8017 1446 803;05/26;VISA;30;29;4,0;1,0
RS00005693;;;26.01.2025;;;;46;2;8,0;0,0
RS00005694;113;;26.01.2025;;;;25;8;7,0;1,5
RS00005695;124;;26.01.2025;;;;39;42;0,8;1,5
RS00005696;;;26.01.2025;3723 8845 1788 201;01/31;Diners;98;17;4,5;0,5
RS00005697;300;;26.01.2025;2271 6152 0558 7200 ;10/34;VISA;73;27;3,0;1,0
RS00005698;;;26.01.2025;4807 5880 3196 7;10/33;JCB;79;34;1,5;1,0
RS00005699;128;;26.01.2025;3553 8964 5843 1208 ;10/29;JCB;99;28;3,8;1,5
RS00005700;;;26.01.2025;;;;8;48;8,0;0,0
RS00005701;;;26.01.2025;;;;42;42;2,4;1,0
RS00005702;;;26.01.2025;;;;81;29;2,0;2,5
RS00005703;;;26.01.2025;4737 4333 4632 6669 600;10/32;JCB;88;2;0,5;1,0
RS00005704;260;;26.01.2025;3053 9713 5005 29;07/25;American;81;17;2,0;0,5
RS00005705;147;;26.01.2025;4292 0031 4112 3;08/31;JCB;95;27;2,0;3,0
RS00005706;;;26.01.2025;0604 4007 3512 ;11/26;VISA;115;49;4,5;2,0
RS00005707;;;26.01.2025;2276 1625 8581 1202 ;05/34;JCB;79;49;1,5;2,5
RS00005708;114;Druff1848;26.01.2025;;;;23;39;3,0;2,5
RS00005709;;;26.01.2025;5679 2620 5855 ;11/33;Diners;118;38;6,0;1,0
RS00005710;;;26.01.2025;;;;70;36;8,0;2,5
RS00005711;;;26.01.2025;;;;56;14;7,0;0,0
RS00005712;96;Morgenstern;26.01.2025;2131 1105 8198 431;12/33;JCB;18;43;6,0;0,0
RS00005713;297;;26.01.2025;;;;18;6;6,0;0,0
RS00005714;;;26.01.2025;4736 9645 7119 7194 094;12/28;Discover;95;40;2,0;2,0
RS00005715;;;26.01.2025;;;;86;22;0,5;0,0
RS00005716;304;Abendröte;26.01.2025;;;;125;15;7,0;3,0
RS00005717;;;26.01.2025;;;;89;28;0,8;3,0
RS00005718;;;26.01.2025;;;;123;29;3,0;1,0
RS00005719;;;26.01.2025;3559 5354 4661 8872 ;07/26;VISA;3;19;5,0;2,5
RS00005720;;;26.01.2025;5596 1472 0748 1845 ;10/25;VISA;79;15;1,5;2,5
RS00005721;;;26.01.2025;;;;104;25;5,0;3,0
RS00005722;;;26.01.2025;;;;37;42;0,5;1,0
RS00005723;;;26.01.2025;3010 5841 7989 53;04/31;Diners;68;17;6,0;1,0
RS00005724;;;26.01.2025;4146 7776 8686 3;09/27;JCB;116;31;3,0;0,5
RS00005725;53;;26.01.2025;;;;81;4;2,0;2,5
RS00005726;;;26.01.2025;4967 9162 3176 8318 ;02/32;JCB;8;39;8,0;3,0
RS00005727;;;26.01.2025;5878 5836 6491 ;08/34;VISA;28;9;2,0;3,0
RS00005728;;;26.01.2025;5202 2217 4762 1586 ;12/32;Diners;52;8;4,0;0,5
RS00005729;;;26.01.2025;;;;41;26;1,2;1,5
RS00005730;;;26.01.2025;;;;41;32;1,2;1,0
RS00005731;;;26.01.2025;3495 5415 3824 574;03/30;Mastercard;81;31;2,0;0,0
RS00005732;370;Morgenstern;26.01.2025;;;;3;22;5,0;1,0
RS00005733;348;;26.01.2025;2710 6878 8201 9194 ;03/35;VISA;9;15;3,0;0,5
RS00005734;384;Blaetterglueck;26.01.2025;;;;87;29;0,5;2,5
RS00005735;165;;26.01.2025;4032 7966 8636 7;09/33;JCB;64;44;4,5;3,0
RS00005736;;;26.01.2025;4787 4904 9257 9580 ;09/28;VISA;91;29;1,2;3,0
RS00005737;;;26.01.2025;3586 9748 5349 2447 ;12/31;Mastercard;35;47;1,0;2,0
RS00005738;253;Blaetterglueck;26.01.2025;4169 0307 7734 3342 701;11/29;Discover;5;16;5,0;2,0
RS00005739;49;Druff1848;26.01.2025;3772 4458 6404 773;02/28;American;21;12;4,0;2,5
RS00005740;384;Blaetterglueck;26.01.2025;;;;104;42;5,0;1,0
RS00005741;;;26.01.2025;6011 0679 4827 6319 ;04/26;JCB;17;36;3,5;1,0
RS00005742;;;26.01.2025;4135 6294 8751 1806 ;04/32;Discover;103;19;5,0;1,5
RS00005743;;;26.01.2025;;;;60;40;0,5;2,5
RS00005744;265;Morgenstern;26.01.2025;;;;57;15;8,0;1,5
RS00005745;26;;26.01.2025;;;;78;7;2,0;3,0
RS00005746;;;26.01.2025;6542 0306 4825 4810 ;02/28;Discover;13;41;4,5;3,0
RS00005747;;;26.01.2025;4681 1300 4979 5373 ;08/33;JCB;117;47;3,5;1,0
RS00005748;;;26.01.2025;;;;64;6;4,5;1,5
RS00005749;101;Druff1848;26.01.2025;;;;3;12;5,0;2,0
RS00005750;;;26.01.2025;;;;7;37;8,0;2,5
RS00005751;;;26.01.2025;;;;35;47;1,0;1,5
RS00005752;;;26.01.2025;1800 3684 0932 426;02/28;VISA;59;32;3,0;1,5
RS00005753;302;Blaetterglueck;26.01.2025;;;;10;1;0,5;2,0
RS00005754;;;26.01.2025;2706 6865 7057 8590 ;08/30;JCB;24;37;3,0;2,0
RS00005755;194;VolleRose;26.01.2025;;;;114;48;4,5;1,5
RS00005756;;;26.01.2025;;;;107;15;8,0;3,0
RS00005757;;;26.01.2025;;;;7;16;8,0;0,5
RS00005758;226;Morgenstern;26.01.2025;;;;78;47;2,0;2,0
RS00005759;;;26.01.2025;3556 6342 6482 0281 ;03/27;Diners;85;31;1,0;2,0
RS00005760;188;Blaetterglueck;26.01.2025;;;;25;7;7,0;3,0
RS00005761;;;26.01.2025;;;;120;26;8,0;2,5
RS00005762;;;26.01.2025;6534 2838 1921 9530 ;03/34;JCB;92;4;2,4;2,5
RS00005763;238;;26.01.2025;3533 0963 5883 2226 ;06/33;VISA;72;43;2,0;0,5
RS00005764;;;26.01.2025;3766 3246 2220 605;11/32;VISA;50;39;5,6;0,5
RS00005765;;;26.01.2025;4761 4111 7901 7603 ;04/32;VISA;43;12;2,3;0,5
RS00005766;257;Druff1848;26.01.2025;4963 7168 6651 9872 182;10/28;Maestro;73;3;3,0;1,5
RS00005767;13;;26.01.2025;;;;125;8;7,0;3,0
RS00005768;;;26.01.2025;;;;76;43;4,0;3,0
RS00005769;;;26.01.2025;;;;49;34;3,8;2,5
RS00005770;26;;26.01.2025;;;;97;33;9,0;3,0
RS00005771;;;26.01.2025;;;;17;47;3,5;0,5
RS00005772;;;26.01.2025;;;;87;22;0,5;1,0
RS00005773;172;GlückAuf;26.01.2025;;;;70;49;8,0;2,5
RS00005774;;;26.01.2025;4523 5814 2529 8626 ;04/28;JCB;63;4;4,5;1,0
RS00005775;;;26.01.2025;4263 4690 1149 2569 ;10/26;Mastercard;14;19;4,5;2,5
RS00005776;;;26.01.2025;;;;78;8;2,0;1,0
RS00005777;;;26.01.2025;;;;117;9;3,5;1,5
RS00005778;;;26.01.2025;6762 0545 1674 ;10/34;Diners;55;37;5,0;2,0
RS00005779;;;26.01.2025;;;;45;16;2,0;2,0
RS00005780;;;26.01.2025;;;;95;40;2,0;1,5
RS00005781;;;26.01.2025;;;;10;4;0,5;1,0
RS00005782;;;26.01.2025;3587 1554 9511 5468 ;02/30;JCB;22;3;2,0;0,0
RS00005783;;;26.01.2025;;;;107;2;8,0;3,0
RS00005784;;;26.01.2025;;;;82;27;5,0;0,0
RS00005785;;;26.01.2025;;;;57;25;8,0;2,5
RS00005786;;;26.01.2025;5750 9770 6239 ;02/30;JCB;111;40;8,0;1,5
RS00005787;;;26.01.2025;3524 5334 4204 0508 ;09/25;Discover;8;32;8,0;2,0
RS00005788;;;26.01.2025;3570 7921 7531 9728 ;07/34;VISA;75;36;7,0;1,5
RS00005789;;;26.01.2025;4693 9122 1542 0233 ;12/34;JCB;78;39;2,0;1,5
RS00005790;256;;26.01.2025;3635 3456 4904 66;01/27;VISA;9;33;3,0;0,5
RS00005791;;;26.01.2025;;;;69;48;2,0;3,0
RS00005792;;;26.01.2025;3899 0450 1504 51;01/31;JCB;9;14;3,0;0,5
RS00005793;;;26.01.2025;4268 5870 2056 3618 758;03/30;JCB;6;32;7,0;1,5
RS00005794;304;Abendröte;26.01.2025;;;;62;4;4,0;3,0
RS00005795;87;;26.01.2025;4566 8893 2371 1899 ;05/31;Discover;46;30;8,0;2,0
RS00005796;274;;26.01.2025;;;;37;22;0,5;3,0
RS00005797;;;26.01.2025;;;;35;23;1,0;3,0
RS00005798;289;GlückAuf;26.01.2025;2671 3235 1474 2949 ;04/34;JCB;97;38;9,0;2,0
RS00005799;390;VolleRose;26.01.2025;;;;91;35;1,2;3,0
RS00005800;;;26.01.2025;;;;42;39;2,4;2,0
RS00005801;;;26.01.2025;;;;104;26;5,0;1,0
RS00005802;;;26.01.2025;;;;58;6;8,0;1,0
RS00005803;;;26.01.2025;;;;98;6;4,5;2,0
RS00005804;;;26.01.2025;3545 8775 7682 1745 ;05/34;VISA;7;31;8,0;2,0
RS00005805;;;26.01.2025;;;;125;7;7,0;1,5
RS00005806;76;;26.01.2025;;;;83;34;0,8;0,5
RS00005807;;;26.01.2025;;;;48;44;4,5;1,0